name,rt,smiles.std,inchikey.std,dataset_id,rt_seconds,local_median_rt,group_size,rel_dev,label,predicted_rt,pct_deviation,anomaly_prob
URIDINE DIPHOSPHATEGALACTOSE,0.569,C1=CN(C(=O)NC1=O)C2C(C(C(O2)COP(=O)(O)OP(=O)(O)OC3C(C(C(C(O3)CO)O)O)O)O)O,HSCJRCZFDFQWRP-UHFFFAOYSA-N,0317,34.14,34.14,2,0.0,0,689.5814819335938,95.04917099799852,0.9999852180480957
THYMIDINE 5'-MONOPHOSPHATE,1.4,CC1=CN(C(=O)NC1=O)C2CC(C(O2)COP(=O)(O)OC3=CC=C(C=C3)[N+](=O)[O-])O,RWOAVOYBVRQNIZ-UHFFFAOYSA-N,0149,84.0,84.0,1,0.0,0,675.80224609375,87.5703283785258,0.9999872446060181
N6-(DELTA2-ISOPENTENYL)-ADENINE,12.62,CC(=CCNC1=NC=NC2=C1NC=N2)C,HYVABZIGRDEKCD-UHFFFAOYSA-N,0152,757.1999999999999,757.1999999999999,1,0.0,0,614.1810302734375,23.28612618707703,0.9999262094497681
Orotic acid,0.699,C1=C(NC(=O)NC1=O)C(=O)O,PXQPEWDEAKTCGB-UHFFFAOYSA-N,0355,41.94,41.94,1,0.0,0,649.9970092773438,93.54766261976678,0.9999539852142334
PIPECOLATE,0.609,C1CCNC(C1)C(=O)O,HXEACLLIILLPRG-UHFFFAOYSA-N,0244,36.54,35.519999999999996,3,0.028716216216216308,0,627.3538208007812,94.17553559276028,0.9999580383300781
"11,12-Methylenedioxykopsinaline",3.61,COC(=O)C1(CC23CCCN4C2C5(C1(CC3)NC6=C5C=CC7=C6OCO7)CC4)O,JVIKUDVTJCANPX-UHFFFAOYSA-N,0219,216.6,216.6,1,0.0,0,678.6145629882812,68.08202891399777,0.9999833106994629
,1.93,CNCC(C1=CC(=CC=C1)O)O,SONNWYBIRXJNDC-UHFFFAOYSA-N,0436,115.8,115.8,1,0.0,0,597.2682495117188,80.61172679199517,0.999956488609314
Iloperidone,2.8645,CC(=O)C1=CC(=C(C=C1)OCCCN2CCC(CC2)C3=NOC4=C3C=CC(=C4)F)OC,XMXHEBAFVSFQEX-UHFFFAOYSA-N,0391,171.87,171.87,1,0.0,0,780.7477416992188,77.98648771933144,0.9999829530715942
INDOXYL SULFATE,4.77,C1=CC=C2C(=C1)C(=CN2)OS(=O)(=O)O,BXFFHSIDQOFMLE-UHFFFAOYSA-N,0048,286.2,286.2,1,0.0,0,662.0908203125,56.7733019066906,0.9999459981918335
gamma-Secretase Modulators,3.1717,CC1=CN(C=N1)C2=C(C=C(C=C2)C=C3CCC4COCC(N4C3=O)C5=CC(=C(C(=C5)F)F)F)OC,VHNYOQKVZQVBLC-UHFFFAOYSA-N,0391,190.302,190.302,1,0.0,0,816.51123046875,76.69327831648442,0.9999898672103882
MELIBIOSE,0.706,C(C1C(C(C(C(O1)OCC2C(C(C(C(O2)O)O)O)O)O)O)O)O,DLRVVLDZNNYCBX-UHFFFAOYSA-N,0256,42.36,42.36,1,0.0,0,723.7473754882812,94.1471290349866,0.9999868869781494
,4.02,CC(C)(C(=O)O)O,BWLBGMIXKSTLSX-UHFFFAOYSA-N,0401,241.2,241.2,1,0.0,0,653.6163940429688,63.09762083719346,0.9999490976333618
INDOXYL SULFATE,3.143,C1=CC=C2C(=C1)C(=CN2)OS(=O)(=O)O,BXFFHSIDQOFMLE-UHFFFAOYSA-N,0247,188.57999999999998,188.57999999999998,1,0.0,0,662.0908203125,71.5175027028781,0.9999459981918335
5-HYDROXYINDOLEACETATE,4.72,C1=CC2=C(C=C1O)C(=CN2)CC(=O)O,DUUGKQCEGZLZNO-UHFFFAOYSA-N,0048,283.2,283.8,2,0.002114164904862659,0,654.6222534179688,56.73840928545702,0.9999557733535767
CYSTEATE,0.733333333,C(C(C(=O)O)N)S(=O)(=O)O,XVOYSCVBGLVSOL-UHFFFAOYSA-N,0197,43.99999998,43.99999998,1,0.0,0,616.2503662109375,92.86004481416582,0.9999443292617798
LUMICHROME,13.06,CC1=CC2=C(C=C1C)N=C3C(=N2)C(=O)NC(=O)N3,ZJTJUVIJVLLGSP-UHFFFAOYSA-N,0136,783.6,783.6,1,0.0,0,636.9598388671875,23.021884926623837,0.9999096393585205
PHENYLALANINE,3.38,C1=CC=C(C=C1)CC(C(=O)O)N,COLNVLDHVKWLRT-UHFFFAOYSA-N,0048,202.79999999999998,202.2,2,0.0029673590504450758,0,617.7815551757812,67.17286259181111,0.99994957447052
METHYL 4-METHOXYBENZOATE,4.2812,COC1=CC=C(C=C1)C(=O)OC,DDIZAANNODHTRB-UHFFFAOYSA-N,0391,256.872,256.872,1,0.0,0,795.7050170898438,67.7176850110276,0.9999532699584961
Bifenazate,5.716,CC(C)OC(=O)NNC1=C(C=CC(=C1)C2=CC=CC=C2)OC,VHLKTXFWDRXILV-UHFFFAOYSA-N,0324,342.96000000000004,342.96000000000004,1,0.0,0,899.6450805664062,61.8782998530847,0.9999784231185913
Phosalone,5.802,CCOP(=S)(OCC)SCN1C2=C(C=C(C=C2)Cl)OC1=O,IOUNQDKNJZEDEP-UHFFFAOYSA-N,0244,348.12,348.12,1,0.0,0,1061.013671875,67.18986670691905,0.9999812841415405
ALLANTOIN,0.8635372,C1(C(=O)NC(=O)N1)NC(=O)N,POJWUDADGALRAB-UHFFFAOYSA-N,0392,51.812232,51.812232,1,0.0,0,674.8764038085938,92.32270802363172,0.999962329864502
Aureothin,4.6828,CC1=C(OC(=C(C1=O)C)OC)C2CC(=CC(=CC3=CC=C(C=C3)[N+](=O)[O-])C)CO2,GQKXCBCSVYJUMI-UHFFFAOYSA-N,0390,280.968,271.986,3,0.03302375857580915,0,1104.2344970703125,74.55540460423514,0.9999721050262451
,4.5,CC(=O)C1=C(C2=C(O1)C(=O)C3=C(C2=O)C(=C(C(=C3O)OC)O)O)O,MJLVJBPJKONLFN-UHFFFAOYSA-N,0419,270.0,270.0,1,0.0,0,636.8272094726562,57.602314099678374,0.9999817609786987
MEGxm0_000356,2.73,CC1CCCC2C(O2)C(=O)C3=C(CC(=O)O1)C=C(C=C3O)O,BVDHPBILFRQGEC-UHFFFAOYSA-N,0390,163.8,158.63400000000001,2,0.032565528196981705,0,648.5745239257812,74.74461392523888,0.9999759197235107
L-Pyroglutamic acid,0.901,C1CC(=O)NC1C(=O)O,ODHCTXKNWHHXJC-UHFFFAOYSA-N,0240,54.06,54.06,1,0.0,0,640.6289672851562,91.5614181124069,0.9999494552612305
,2.153,C(C(C(=O)O)OP(=O)(O)O)O,GXIURPTVHJPJLF-UHFFFAOYSA-N,0401,129.18,129.18,1,0.0,0,663.6642456054688,80.53533833480097,0.9999613761901855
O-PHOSPHOSERINE,0.733333333,C(C(C(=O)O)N)OP(=O)(O)O,BZQFBWGGLXLEPQ-UHFFFAOYSA-N,0198,43.99999998,44.59999998,2,0.013452914804239007,0,658.5859375,93.3190192084841,0.9999760389328003
P-OCTOPAMINE,0.753333333,C1=CC(=CC=C1C(CN)O)O,QHGUCRYDKWKLMG-UHFFFAOYSA-N,0202,45.19999998,45.19999998,1,0.0,0,573.7999877929688,92.12269066894638,0.9999510049819946
,3.447,C1=CC=C2C(=C1)C(=CN2)CC(=O)C(=O)O,RSTKLPZEZYGQPY-UHFFFAOYSA-N,0401,206.82,206.82,1,0.0,0,671.7467651367188,69.21161206367603,0.9999514818191528
Melamine,1.718,C1(=NC(=NC(=N1)N)N)N,JDSHMPZPIAZGSV-UHFFFAOYSA-N,0275,103.08,103.08,1,0.0,0,651.877197265625,84.18720574482722,0.9999628067016602
447410-57-3,3.6644,COC1=C(C=C(C=C1)S(=O)(=O)N2CCCN(CC2)S(=O)(=O)C3=CC(=C(C=C3)OC)OC)OC,GJUFPAZNBPFNRI-UHFFFAOYSA-N,0391,219.864,220.755,2,0.004036148671604227,0,785.842529296875,72.02187565532738,0.9999891519546509
Pirmiphos-methyl,6.089,CCN(CC)C1=NC(=CC(=N1)OP(=S)(OC)OC)C,QHOQHJPRIBSPCY-UHFFFAOYSA-N,0240,365.34000000000003,365.34000000000003,1,0.0,0,802.7091674804688,54.486629180189425,0.9999774694442749
,3.884,C1=CC=C(C=C1)CCCC(=O)O,OBKXEAXTFZPCHS-UHFFFAOYSA-N,0403,233.04,233.04,1,0.0,0,789.2357788085938,70.47270204199434,0.9999436140060425
Trichlorfon,3.433,COP(=O)(C(C(Cl)(Cl)Cl)O)OC,NFACJZMKEDPNKN-UHFFFAOYSA-N,0238,205.98,205.98,1,0.0,0,711.0895385742188,71.03318375165476,0.999958872795105
HMDB0000468,2.693383333,CC(C(C1=CN=C2C(=N1)C(=O)NC(=N2)N)O)O,LHQIJBMDNUYRAM-UHFFFAOYSA-N,0024,161.60299998,161.60299998,3,0.0,0,654.3301391601562,75.30252844727279,0.9999761581420898
TY-52156,5.5046,CC(C)(C)C(=O)C(=NC1=CC=C(C=C1)Cl)NNC2=CC=C(C=C2)Cl,XONRRGIRSGNWFP-UHFFFAOYSA-N,0391,330.276,330.276,3,0.0,0,1009.3343505859375,67.2778401123207,0.999984860420227
Sodium taurolithocholate,4.992,CC(CCC(=O)NCCS(=O)(=O)O)C1CCC2C1(CCC3C2CCC4C3(CCC(C4)O)C)C,QBYUNVOYXHFVKC-UHFFFAOYSA-N,0252,299.52,299.52,1,0.0,0,868.8955688476562,65.52865376017185,0.999984860420227
Paulownin,3.8383,C1C2C(OCC2(C(O1)C3=CC4=C(C=C3)OCO4)O)C5=CC6=C(C=C5)OCO6,CAQZFLPWHBKTTR-UHFFFAOYSA-N,0390,230.298,208.488,3,0.10461033728559918,0,724.0460815429688,68.19290845283956,0.9999864101409912
CORTISOL 21-ACETATE,22.93,CC(=O)OCC(=O)C1(CCC2C1(CC(C3C2CCC4=CC(=O)CCC34C)O)C)O,ALEXXDVDDISNDU-UHFFFAOYSA-N,0138,1375.8,1375.8,1,0.0,0,696.7073364257812,97.47172565428569,0.9999278783798218
DAMP,4.69,C1C(C(OC1N2C=NC3=C(N=CN=C32)N)COP(=O)(O)O)O,KHWCHTKSEGGWEX-UHFFFAOYSA-N,0124,281.40000000000003,281.40000000000003,1,0.0,0,585.8424072265625,51.96660458020166,0.999983549118042
,1.57,C(C(=O)O)C(CC(=O)O)(C(=O)O)O,KRKNYBCHXYNGOX-UHFFFAOYSA-N,0429,94.2,94.2,1,0.0,0,606.9492797851562,84.47975751230081,0.9999710321426392
PHENYL ACETATE,3.106,CC(=O)OC1=CC=CC=C1,IPBVNPXQWQGGJP-UHFFFAOYSA-N,0353,186.35999999999999,186.35999999999999,1,0.0,0,751.5808715820312,75.20426516341165,0.9999526739120483
Lenacil,8.27,C1CCC(CC1)N2C(=O)C3=C(CCC3)NC2=O,ZTMKADLOSYKWCA-UHFFFAOYSA-N,0382,496.2,496.2,1,0.0,0,673.9774780273438,26.37736182931193,0.9999717473983765
,9.36,C1CCC2(CC1)CC3=CC=CC=C3C(=NCC(=O)O)N2,LFBZPGUVVGETIE-UHFFFAOYSA-N,0437,561.5999999999999,561.5999999999999,1,0.0,0,700.494384765625,19.828051128789145,0.7961822748184204
1-hydroxypyrene,16.826,C1=CC2=C3C(=C1)C=CC4=C(C=CC(=C43)C=C2)O,BIJNHUAPTJVVNQ-UHFFFAOYSA-N,0277,1009.5600000000001,1009.5600000000001,1,0.0,0,879.1084594726562,14.839072371752254,0.5787109732627869
"3,5-DIIODO-L-TYROSINE",2.972,C1=C(C=C(C(=C1I)O)I)CC(C(=O)O)N,NYPYHUZRZVSYKL-UHFFFAOYSA-N,0241,178.32,178.32,1,0.0,0,673.4749755859375,73.52240150499165,0.9999732971191406
Methamidophos,3.3926749,COP(=O)(N)SC,NNKVPIKMPCQWCG-UHFFFAOYSA-N,0263,203.56049399999998,204.360582,3,0.0039150798660380435,0,633.4426879882812,67.86441806653772,0.9999488592147827
,15.98,CC1=C(OC(=N1)NS(=O)(=O)C2=CC=C(C=C2)N)C,CYFLXLSBHQBMFT-UHFFFAOYSA-N,0409,958.8000000000001,958.8000000000001,1,0.0,0,692.5639038085938,38.442098227658555,0.9999275207519531
Imidacloprid-guanidine,6.7155837,C1CN(C(=N1)N)CC2=CN=C(C=C2)Cl,UEQZFAGVRGWPDK-UHFFFAOYSA-N,0263,402.935022,402.935022,1,0.0,0,598.6119384765625,32.68844202715878,0.9999556541442871
Prothioconazole-desethio,11.82,C1CC1(C(CC2=CC=CC=C2Cl)(CN3C=NC=N3)O)Cl,HHUQPWODPBDTLI-UHFFFAOYSA-N,0383,709.2,668.4000000000001,2,0.06104129263913816,0,700.1094360351562,1.2984489991058068,0.04080185666680336
Ac-Leu-Arg-AMC,2.5827,CC1=CC(=O)OC2=C1C=CC(=C2)NC(=O)C(CCCN=C(N)N)NC(=O)C(CC(C)C)NC(=O)C,YAPHUDCEMGABMM-UHFFFAOYSA-N,0391,154.962,149.30700000000002,2,0.03787498241877455,0,663.2821044921875,76.63709016864856,0.9999855756759644
NCGC00380131-01,3.883,CCCC1=CC2=C(CO1)C(=O)C(C(C2)OC(=O)C3=C(C=C(C=C3C)OC)O)(C)O,PHCSXGHZIAKXHR-UHFFFAOYSA-N,0390,232.98,226.875,6,0.026909090909090865,0,738.543701171875,68.4541348561606,0.9999818801879883
HMDB0038995,4.695266667,CC(C#CC#CC#CC#CCCCCCCCC(=O)O)O,MTWGWIOCIREVRF-UHFFFAOYSA-N,0024,281.71600002,281.71600002,1,0.0,0,667.4556274414062,57.79255003064141,0.9999668598175049
Primaquine,6.82,CC(CCCN)NC1=C2C(=CC(=C1)OC)C=CC=N2,INDBQLZJXZLFIT-UHFFFAOYSA-N,0383,409.20000000000005,409.20000000000005,1,0.0,0,698.4724731445312,41.415014086700246,0.9999572038650513
(+-)-Taxifolin,1.45,C1=CC(=C(C=C1C2C(C(=O)C3=C(C=C(C=C3O2)O)O)O)O)O,CXQWRCVTCMQVQX-UHFFFAOYSA-N,0009,87.0,87.0,1,0.0,0,640.8221435546875,86.42369011822771,0.9999840259552002
Triazoxide,11.774048,C1=CC2=C(C=C1Cl)[N+](=NC(=N2)N3C=CN=C3)[O-],IQGKIPDJXCAMSM-UHFFFAOYSA-N,0262,706.4428800000001,706.4428800000001,1,0.0,0,640.0565795898438,10.371942501192235,0.4162818193435669
Isoferulic acid,6.043,COC1=C(C=C(C=C1)C=CC(=O)O)O,QURCVMIEKCOAJU-UHFFFAOYSA-N,0213,362.58,362.58,1,0.0,0,666.5820922851562,45.60609950426146,0.9999599456787109
,0.847,C1=NC(=C2C(=N1)N(C=N2)C3C(C(C(O3)COP(=O)(O)OP(=O)(O)O)O)O)N,XTWYTFMLZFPYCI-UHFFFAOYSA-N,0403,50.82,50.82,1,0.0,0,642.44189453125,92.08955698054527,0.9999841451644897
,9.037,CCCCN(CCCC)CC#C,XTEBRELWTGWYDE-UHFFFAOYSA-N,0437,542.22,542.22,1,0.0,0,788.690673828125,31.25061345429792,0.9999315738677979
Chenodeoxycholic acid,5.707,CC(CCC(=O)O)C1CCC2C1(CCC3C2C(CC4C3(CCC(C4)O)C)O)C,RUDATBOHQWOJDD-UHFFFAOYSA-N,0243,342.42,323.97,2,0.0569497175664413,0,773.9622192382812,55.75753034340576,0.9999812841415405
CARNOSINE,0.481,C1=C(NC=N1)CC(C(=O)O)NC(=O)CCN,CQOVPNPJLQNMDC-UHFFFAOYSA-N,0250,28.86,28.86,1,0.0,0,600.527587890625,95.19422578047217,0.9999513626098633
,0.823,CC(=O)NC1C(C(C(OC1O)CO)O)O,OVRNDRQMDRJTHS-UHFFFAOYSA-N,0401,49.379999999999995,49.379999999999995,3,0.0,0,662.0930786132812,92.54183413253257,0.9999771118164062
Thifensulfurson methyl,4.776,CC1=NC(=NC(=N1)OC)NC(=O)NS(=O)(=O)C2=C(SC=C2)C(=O)OC,AHTPATJNIAFOLR-UHFFFAOYSA-N,0319,286.56,286.56,1,0.0,0,712.8668823242188,59.80175161655641,0.9999792575836182
UNC3230,4.1573,C1CCC(CC1)C(=O)NC2=C(N=C(S2)NC3=CC=CC=C3)C(=O)N,RZCNASHHHSKTGP-UHFFFAOYSA-N,0391,249.43800000000002,249.43800000000002,1,0.0,0,708.6553344726562,64.80122453525048,0.9999862909317017
,4.04,CC(C)CC(CC(=O)O)CN,AYXYPKUFHZROOJ-UHFFFAOYSA-N,0425,242.4,242.4,1,0.0,0,625.44580078125,61.243644181923365,0.9999631643295288
CYTIDINE MONOPHOSPHATE,0.766,C1=CN(C(=O)N=C1N)C2C(C(C(O2)COP(=O)(O)O)O)O,IERHLVCPSMICTF-UHFFFAOYSA-N,0258,45.96,45.96,1,0.0,0,622.0892944335938,92.61199309950412,0.9999828338623047
"(E)-5-[(1S,4aR,8aR)-2-formyl-5,5,8a-trimethyl-1,4,4a,6,7,8-hexahydronaphthalen-1-yl]-3-(acetyloxymethyl)pent-2-enoic acid",5.2448,CC(=O)OCC(=CC(=O)O)CCC1C(=CCC2C1(CCCC2(C)C)C)C=O,KLGPVOFVVYHEGO-UHFFFAOYSA-N,0390,314.688,297.942,3,0.056205570211651866,0,853.1618041992188,63.1150857374156,0.999977707862854
XYLOSE,0.627,C1C(C(C(C(O1)O)O)O)O,SRBFZHDQGSBBOR-UHFFFAOYSA-N,0239,37.62,37.62,2,0.0,0,660.2420043945312,94.3020892718725,0.9999641180038452
"NCGC00381282-01![5-hydroxy-2-[4-hydroxy-2,5-bis(hydroxymethyl)-3-(2-methylpropanoyloxy)oxolan-2-yl]oxy-4-(2-methylpropanoyloxy)-6-(2-methylpropanoyloxymethyl)oxan-3-yl] decanoate",5.5266,CCCCCCCCCC(=O)OC1C(C(C(OC1OC2(C(C(C(O2)CO)O)OC(=O)C(C)C)CO)COC(=O)C(C)C)O)OC(=O)C(C)C,KSNWZOGDNCZVEN-UHFFFAOYSA-N,0390,331.596,331.596,5,0.0,0,861.82373046875,61.52391860692402,0.9999750852584839
Pirimicarb,3.954,CC1=C(N=C(N=C1OC(=O)N(C)C)N(C)C)C,YFGYUFNIOHWBOB-UHFFFAOYSA-N,0320,237.24,237.24,1,0.0,0,719.8563842773438,67.04342627478914,0.9999737739562988
Metazachlor,5.459,CC1=C(C(=CC=C1)C)N(CN2C=CC=N2)C(=O)CCl,STEPQTYSZVCJPV-UHFFFAOYSA-N,0350,327.53999999999996,327.53999999999996,1,0.0,0,762.414306640625,57.039106277633024,0.9999741315841675
Ligustroflavone,1.9644,CC1C(C(C(C(O1)OCC2C(C(C(C(O2)OC3=CC(=C4C(=C3)OC(=CC4=O)C5=CC=C(C=C5)O)O)OC6C(C(C(C(O6)C)O)O)O)O)O)O)O)O,NULBHTHMVOCGOE-UHFFFAOYSA-N,0391,117.86399999999999,117.86399999999999,1,0.0,0,709.1817016601562,83.38028184820804,0.9999840259552002
Reynoutrin,1.9338,C1C(C(C(C(O1)OC2=C(OC3=CC(=CC(=C3C2=O)O)O)C4=CC(=C(C=C4)O)O)O)O)O,PZZRDJXEMZMZFD-UHFFFAOYSA-N,0391,116.02799999999999,116.02799999999999,1,0.0,0,643.7776489257812,81.97700709342637,0.9999836683273315
ETHYL 3-INDOLEACETATE,18.9,CCOC(=O)CC1=CNC2=CC=CC=C21,HUDBDWIQSIGUDI-UHFFFAOYSA-N,0091,1134.0,1134.0,1,0.0,0,733.2463989257812,54.65469747431828,0.9998968839645386
,4.32,CN(C)C(=O)C1=C(N=CC=C1)S(=O)(=O)NC(=O)NC2=NC(=CC(=N2)OC)OC,RTCOGUMHFFWOJV-UHFFFAOYSA-N,0425,259.20000000000005,259.20000000000005,1,0.0,0,623.2434692382812,58.41111655501334,0.999981164932251
BENZALDEHYDE,2.499,C1=CC=C(C=C1)C=O,HUMNYLRZRPPJDN-UHFFFAOYSA-N,0312,149.94,149.94,1,0.0,0,724.8634643554688,79.31472513470891,0.9999129772186279
"methyl (1S,15R,17S)-17-ethyl-7-methoxy-3,13-diazapentacyclo[13.3.1.0²,¹⁰.0⁴,⁹.0¹³,¹⁸]nonadeca-2(10),4,6,8-tetraene-1-carboxylate",2.0156334,CCC1CC2CC3(C1N(C2)CCC4=C3NC5=C4C=C(C=C5)OC)C(=O)OC,MMAYTCMMKJYIAM-UHFFFAOYSA-N,0264,120.938004,120.938004,1,0.0,0,840.5646362304688,85.61228978864145,0.9999802112579346
clopidogrel,3.8879,COC(=O)C(C1=CC=CC=C1Cl)N2CCC3=C(C2)C=CS3,GKTWGGQPFAXNFI-UHFFFAOYSA-N,0391,233.274,233.388,2,0.0004884569900766291,0,869.0234375,73.15676540657168,0.9999784231185913
,10.45,CCC1=CC=C(C=C1)C(=O)NN(C(=O)C2=CC(=CC(=C2)C)C)C(C)(C)C,QYPNKSZPJQQLRK-UHFFFAOYSA-N,0436,627.0,627.0,1,0.0,0,1004.1982421875,37.56212930285841,0.9999252557754517
"CYTIDINE 2',3'-CYCLIC PHOSPHATE",0.56,C1=CN(C(=O)N=C1N)C2C3C(C(O2)CO)OP(=O)(O3)O,NMPZCCZXCOMSDQ-UHFFFAOYSA-N,0311,33.6,33.6,1,0.0,0,629.3363647460938,94.66104266618123,0.9999861717224121
916232-21-8,5.794,C1=CC=C(C=C1)CC2=NN(C(=O)C2=CC3=CC=C(O3)C4=CC=CC=C4F)C5=CC=C(C=C5)C(=O)O,IZPMWFSVTDOCDI-UHFFFAOYSA-N,0391,347.64,333.846,2,0.041318452220484844,0,870.5889282226562,60.06841016118576,0.9999924898147583
N-Methyl-L-proline,0.68,CN1CCCC1C(=O)O,CWLQUGTUXBXTLF-UHFFFAOYSA-N,0235,40.800000000000004,40.800000000000004,1,0.0,0,656.7357177734375,93.78745530419359,0.9999476671218872
URIDINE DIPHOSPHATEGALACTOSE,0.678,C1=CN(C(=O)NC1=O)C2C(C(C(O2)COP(=O)(O)OP(=O)(O)OC3C(C(C(C(O3)CO)O)O)O)O)O,HSCJRCZFDFQWRP-UHFFFAOYSA-N,0243,40.68,40.68,2,0.0,0,689.5814819335938,94.10076966018102,0.9999852180480957
PRN1371,2.6553,CNC1=NC=C2C=C(C(=O)N(C2=N1)CCCN3CCN(CC3)C(=O)C=C)C4=C(C(=CC(=C4Cl)OC)OC)Cl,PUIXMSRTTHLNKI-UHFFFAOYSA-N,0391,159.318,159.318,1,0.0,0,690.7994384765625,76.9371555438221,0.9999885559082031
Corticosterone,4.279,CC12CCC(=O)C=C1CCC3C2C(CC4(C3CCC4C(=O)CO)C)O,OMFXVFTZEKFJBZ-UHFFFAOYSA-N,0343,256.74,256.92,2,0.0007006071929005403,0,733.6085205078125,65.00313275774367,0.9999852180480957
GLUCOSE 6-PHOSPHATE,0.773333333,C(C1C(C(C(C(O1)O)O)O)O)OP(=O)(O)O,NBSCHQHZLSJFNQ-UHFFFAOYSA-N,0203,46.39999998,46.39999998,3,0.0,0,690.4391479492188,93.2796394703545,0.9999806880950928
C9-APS,4.023,CCCCCCCCC[N+]1=CC=CC(=C1)S(=O)(=O)[O-],BQMFIZSFVKGMLM-UHFFFAOYSA-N,0311,241.38,241.38,1,0.0,0,841.1092529296875,71.30218230756068,0.999970555305481
,2.297,CC(CC(=O)O)C(=O)O,WXUAQHNMJWJLTG-UHFFFAOYSA-N,0401,137.82000000000002,137.82000000000002,1,0.0,0,628.8247680664062,78.08292436956845,0.9999653100967407
Lauroyl-L-carnitine,5.048,CCCCCCCCCCCC(=O)OC(CC(=O)[O-])C[N+](C)(C)C,FUJLYHJROOYKRA-UHFFFAOYSA-N,0256,302.88,304.38,2,0.004928050463236744,0,886.3720703125,65.8292482192928,0.9999810457229614
3-METHYLADENINE,0.732,CN1C=NC(=N)C2=C1N=CN2,ZPBYVFQJHWLTFB-UHFFFAOYSA-N,0256,43.92,43.92,1,0.0,0,621.9526977539062,92.93836972512366,0.9999575614929199
"1,7-dimethyluric acid",5.0,CN1C2=C(NC1=O)NC(=O)N(C2=O)C,NOFNCLGCUJJPKU-UHFFFAOYSA-N,0004,300.0,300.0,1,0.0,0,643.6448364257812,53.390444073795805,0.9999595880508423
Ketone Ester,1.3444,CC(CCOC(=O)CC(C)O)O,AOWPVIWVMWUSBD-UHFFFAOYSA-N,0391,80.664,77.82300000000001,2,0.036505917273813575,0,647.0507202148438,87.53358933389075,0.9999747276306152
3-Methyladipic acid,2.918,CC(CCC(=O)O)CC(=O)O,SYEOWUNSTUDKGM-UHFFFAOYSA-N,0240,175.08,175.08,1,0.0,0,631.1309204101562,72.25932142791865,0.999970555305481
1-PHENYLETHANOL,7.02,CC(C1=CC=CC=C1)O,WAPNOHKVXSQRPX-UHFFFAOYSA-N,0193,421.2,421.2,1,0.0,0,606.4876708984375,30.550937766625403,0.9999403953552246
3-HYDROXYBENZYL ALCOHOL,3.966666667,C1=CC(=CC(=C1)O)CO,OKVJCVWFVRATSG-UHFFFAOYSA-N,0190,238.00000002000002,238.00000002000002,1,0.0,0,669.1712036132812,64.43361598124866,0.9999496936798096
Isostearic acid,7.475,CC(C)CCCCCCCCCCCCCCC(=O)O,XDOFQFKRPWOURC-UHFFFAOYSA-N,0319,448.5,448.5,1,0.0,0,1111.8153076171875,59.660566199505475,0.9999644756317139
,10.147,CNC(=O)OC1=CC=CC2=CC=CC=C21,CVXBEEMKQHEXEN-UHFFFAOYSA-N,0415,608.82,608.82,1,0.0,0,777.3875122070312,21.68384615910049,0.9999215602874756
,32.11,CCCCCCCCCCCCCCCCCCC(=O)O,ISYWECDDZWTKFF-UHFFFAOYSA-N,0418,1926.6,1926.6,1,0.0,0,1110.3646240234375,73.51057106078457,0.9999756813049316
,2.71,C1=CC(=CC=C1C2=C(C=C3C(=CC(=CC3=[O+]2)O)OC4C(C(C(C(O4)CO)O)O)O)OC5C(C(C(C(O5)CO)O)O)O)O,SLCKJKWFULXZBD-UHFFFAOYSA-O,0429,162.6,162.6,1,0.0,0,654.7892456054688,75.16758237993852,0.9999871253967285
"2,2,5,7,8-Pentamethyl-6-chromanol",4.8112,CC1=C(C2=C(CCC(O2)(C)C)C(=C1O)C)C,SEBPXHSZHLFWRL-UHFFFAOYSA-N,0391,288.672,288.672,3,0.0,0,826.6507568359375,65.07932792502218,0.9999445676803589
S-HEXYL-GLUTATHIONE,12.79,CCCCCCSCC(C(=O)NCC(=O)O)NC(=O)CCC(C(=O)O)N,HXJDWCWJDCOHDG-UHFFFAOYSA-N,0136,767.4,767.4,1,0.0,0,639.4581909179688,20.007845844990342,0.9999220371246338
,3.756,C[N+]1=CC=CC(=C1)C(=O)N,LDHMAVIPBRSVRG-UHFFFAOYSA-O,0437,225.35999999999999,225.35999999999999,1,0.0,0,638.2166748046875,64.68910812006493,0.9999486207962036
Triflumizole,11.8,CCCOCC(=NC1=C(C=C(C=C1)Cl)C(F)(F)F)N2C=CN=C2,HSMVPDGQOIQYSR-UHFFFAOYSA-N,0383,708.0,708.9,2,0.0012695725772322998,0,897.751953125,21.136345341771655,0.9999158382415771
SCHEMBL13225290,2.711,CC1CC(C(C(C=C(C(C(CCC=C(C(=O)NC2=CC(=CC(=C2)C1)O)C)OC)OC(=O)N)C)C)O)OC,HUXWGTSMSXMDBH-UHFFFAOYSA-N,0390,162.66,162.513,2,0.0009045430211736376,0,943.2318725585938,82.75503566702305,0.9999833106994629
GALACTOSE 1-PHOSPHATE,0.681,C(C1C(C(C(C(O1)OP(=O)(O)O)O)O)O)O,HXXFSFRBOHSIMQ-UHFFFAOYSA-N,0249,40.86,40.86,1,0.0,0,696.2191162109375,94.13115798624231,0.999982476234436
,12.49,CC1=CC(=O)CC2C1(C3CCC4(C(C3CC2)CCC4OC(=O)C)C)C,PGAUJQOPTMSERF-UHFFFAOYSA-N,0436,749.4,749.4,1,0.0,0,1074.7586669921875,30.272718609726045,0.9999251365661621
Tigecycline,0.9341,CC(C)(C)NCC(=O)NC1=CC(=C2CC3CC4C(C(=O)C(=C(C4(C(=O)C3=C(C2=C1O)O)O)O)C(=O)N)N(C)C)N(C)C,SOVUOXKZCCAWOJ-UHFFFAOYSA-N,0391,56.046,56.504999999999995,2,0.008123174940270704,0,669.0988159179688,91.62365876808377,0.9999775886535645
URSODEOXYCHOLATE,11.14333333,CC(CCC(=O)O)C1CCC2C1(CCC3C2C(CC4C3(CCC(C4)O)C)O)C,RUDATBOHQWOJDD-UHFFFAOYSA-N,0200,668.5999998000001,669.6,2,0.0014934292114694313,0,773.9622192382812,13.613354349773898,0.3631744086742401
AS2863619 (free base),0.4793,CC1=NC2=C(N1)C=C(C=C2)N3C4=C(C=NC=C4)N=C3C5=NON=C5N,OORKHRHPVSWORX-UHFFFAOYSA-N,0391,28.758,29.366999999999997,2,0.020737562570231835,0,629.4000854492188,95.43088717894362,0.9999871253967285
Allantoin,0.655,C1(C(=O)NC(=O)N1)NC(=O)N,POJWUDADGALRAB-UHFFFAOYSA-N,0238,39.300000000000004,39.300000000000004,1,0.0,0,674.8764038085938,94.17671150180766,0.999962329864502
Triazamate,6.37,CCOC(=O)CSC1=NC(=NN1C(=O)N(C)C)C(C)(C)C,NKNFWVNSBIXGLL-UHFFFAOYSA-N,0383,382.2,382.5,2,0.0007843137254902258,0,815.8244018554688,53.15168323836059,0.9999818801879883
(±)-Mevalonolactone,0.957,CC1(CCOC(=O)C1)O,JYVXNLLUYHCIIH-UHFFFAOYSA-N,0244,57.419999999999995,57.419999999999995,1,0.0,0,650.5699462890625,91.17389293379885,0.99993896484375
Metolachlor,15.815,CCC1=CC=CC(=C1N(C(C)COC)C(=O)CCl)C,WVQBLGZPHOPPFO-UHFFFAOYSA-N,0289,948.9,948.9,1,0.0,0,845.3142700195312,12.254108756270652,0.4194534718990326
Petunidin-3-O-glucoside,22.3,COC1=CC(=CC(=C1O)O)C2=[O+]C3=CC(=CC(=C3C=C2OC4C(C(C(C(O4)CO)O)O)O)O)O,CCQDWIRWKWIUKK-UHFFFAOYSA-O,0036,1338.0,1338.0,1,0.0,0,661.3565673828125,102.31144075500296,0.999950647354126
Flumetsulam,3.581,CC1=NC2=NC(=NN2C=C1)S(=O)(=O)NC3=C(C=CC=C3F)F,RXCPQSJAVKGONC-UHFFFAOYSA-N,0347,214.85999999999999,214.85999999999999,1,0.0,0,664.0982666015625,67.64635434157682,0.9999878406524658
Gliquidone,8.05,CC1(C2=C(C=C(C=C2)OC)C(=O)N(C1=O)CCC3=CC=C(C=C3)S(=O)(=O)NC(=O)NC4CCCCC4)C,LLJFMFZYVVLQKT-UHFFFAOYSA-N,0063,483.00000000000006,483.00000000000006,1,0.0,0,872.9523315429688,44.67051836080403,0.9999867677688599
1029692-15-6,3.8548,CC(C)OC(=O)NC1CC2=C(C1)N(C3=C2C=C(C=C3)C#N)CC4=CC=CC=N4,IHIWYQYVBNODSV-UHFFFAOYSA-N,0391,231.288,231.288,1,0.0,0,832.3483276367188,72.21259509745222,0.999981164932251
,2.283333333,CN1C=NC2=C1C(=O)N(C(=O)N2)C,QUNWUDVFRNGTCO-UHFFFAOYSA-N,0405,136.99999997999998,136.99999997999998,1,0.0,0,618.9185180664062,77.8646144878637,0.9999428987503052
AZELATE,6.086666667,C(CCCC(=O)O)CCCC(=O)O,BDJRBEYXGGNYIS-UHFFFAOYSA-N,0199,365.20000002,365.20000002,1,0.0,0,684.879638671875,46.67676195948835,0.9999642372131348
Chlorpromazine,10.29,CN(C)CCCN1C2=CC=CC=C2SC3=C1C=C(C=C3)Cl,ZPEIMTDSQAKGNT-UHFFFAOYSA-N,0045,617.4,617.4,1,0.0,0,820.0015869140625,24.707462783885504,0.9999071359634399
,4.783,CC1=C(C(=O)N(N1C)C2=CC=CC=C2)N,RLFWWDJHLFCNIJ-UHFFFAOYSA-N,0415,286.98,286.98,1,0.0,0,614.5040283203125,53.29892290788847,0.9999405145645142
3-Hydroxy-3-methylglutaric acid,1.1,CC(CC(=O)O)(CC(=O)O)O,NPOAOTPXWNWTSH-UHFFFAOYSA-N,0240,66.0,66.0,1,0.0,0,609.4736328125,89.17098354272785,0.999962329864502
Chlorothalonil R611965,3.882,C1=C(C(=C(C(=C1Cl)Cl)C(=O)N)Cl)C(=O)O,XKFUETYLBPYNKF-UHFFFAOYSA-N,0382,232.92000000000002,232.92000000000002,1,0.0,0,716.6204223632812,67.49743759299058,0.9999526739120483
URATE,0.618,C12=C(NC(=O)N1)NC(=O)NC2=O,LEHOTFFKMJEONL-UHFFFAOYSA-N,0344,37.08,37.08,1,0.0,0,590.2099609375,93.71748996897621,0.9999632835388184
12-Cytisineacetamide,2.18,C1C2CN(CC1C3=CC=CC(=O)N3C2)CC(=O)N,MRVHCCZFXHOQOT-UHFFFAOYSA-N,0219,130.8,130.8,1,0.0,0,529.5001220703125,75.29745611982483,0.9999727010726929
Caffeine,5.1,CN1C=NC2=C1C(=O)N(C(=O)N2C)C,RYYVLZVUVIJVGH-UHFFFAOYSA-N,0284,306.0,306.0,1,0.0,0,636.198486328125,51.90180319885612,0.999944806098938
Domperidone,10.6738865,C1CN(CCC1N2C3=C(C=C(C=C3)Cl)NC2=O)CCCN4C5=CC=CC=C5NC4=O,FGXWKSZFVQUSTL-UHFFFAOYSA-N,0262,640.43319,640.43319,1,0.0,0,664.1159057617188,3.5660515816972485,0.015170122496783733
ADENINE,0.9,C1=NC2=NC=NC(=C2N1)N,GFFGJBXGBJISGV-UHFFFAOYSA-N,0155,54.0,54.0,1,0.0,0,589.665283203125,90.84226229045295,0.9999492168426514
Triasulfuron,4.639,CC1=NC(=NC(=N1)OC)NC(=O)NS(=O)(=O)C2=CC=CC=C2OCCCl,XOPFESVZMSQIKC-UHFFFAOYSA-N,0237,278.34000000000003,278.34000000000003,1,0.0,0,738.3112182617188,62.30045093242329,0.9999818801879883
CREATININE,0.64,CN1CC(=O)NC1=N,DDRJAANPRJIHGJ-UHFFFAOYSA-N,0193,38.4,38.4,1,0.0,0,630.0079345703125,93.90483867061292,0.9999622106552124
2079895-42-2,3.8863,C1=CC=C(C=C1)C2=CC(=CC=C2)C3=C4C(=NC(=N3)NC5=CC=C(C=C5)S(=O)(=O)N)N=CN4,FUGRWXRQJGJIER-UHFFFAOYSA-N,0391,233.178,233.178,1,0.0,0,868.7940673828125,73.1607283297371,0.999987006187439
"2,6-DIHYDROXYPYRIDINE",0.966666667,C1=CC(=O)NC(=C1)O,WLFXSECCHULRRO-UHFFFAOYSA-N,0201,58.00000002,58.00000002,1,0.0,0,624.4313354492188,90.71154877609167,0.9999508857727051
LDN-27219,3.4456,C1=CC=C(C=C1)C2=CSC3=C2C(=O)N(C(=N3)SCC(=O)NN)C4=CC=CC=C4,WLBUICQBNZXIDJ-UHFFFAOYSA-N,0391,206.73600000000002,206.73600000000002,3,0.0,0,812.3626708984375,74.55126787505401,0.9999792575836182
Dipropylphthalat,15.4165165,CCCOC(=O)C1=CC=CC=C1C(=O)OCCC,MQHNKCZKNAJROC-UHFFFAOYSA-N,0262,924.99099,914.359305,2,0.011627469575540724,0,888.3971557617188,4.119085028689159,0.04546988382935524
salinomycin,6.7863,CCC(C1CCC(C(O1)C(C)C(C(C)C(=O)C(CC)C2C(CC(C3(O2)C=CC(C4(O3)CCC(O4)(C)C5CCC(C(O5)C)(CC)O)O)C)C)O)C)C(=O)O,KQXDHUJYNAXLNZ-UHFFFAOYSA-N,0391,407.178,404.86199999999997,10,0.005720467714925162,0,1082.2681884765625,62.377347469377476,0.9999803304672241
Thifensulfurson methyl,4.17,CC1=NC(=NC(=N1)OC)NC(=O)NS(=O)(=O)C2=C(SC=C2)C(=O)OC,AHTPATJNIAFOLR-UHFFFAOYSA-N,0256,250.2,250.2,1,0.0,0,712.8668823242188,64.90228313254612,0.9999792575836182
,0.70968066,C(CC(C(=O)O)N)CC(=O)O,OYIFNHCXNCRBQI-UHFFFAOYSA-N,0402,42.5808396,42.5034354,2,0.0018211280869780374,0,635.4359741210938,93.29895672669525,0.9999595880508423
Cholic acid 7-​sulfate,4.376,CC(CCC(=O)O)C1CCC2C1(C(CC3C2C(CC4C3(CCC(C4)O)C)OS(=O)(=O)O)O)C,RRVLNNMINXAIKC-UHFFFAOYSA-N,0243,262.56,262.56,1,0.0,0,792.9998779296875,66.89028494109299,0.9999852180480957
Fenuron,3.739,CN(C)C(=O)NC1=CC=CC=C1,XXOYNJXVWVNOOJ-UHFFFAOYSA-N,0324,224.34,224.34,1,0.0,0,692.630615234375,67.61044125603847,0.9999475479125977
Fluquinconazole,5.459,C1=CC2=C(C=C1F)C(=O)N(C(=N2)N3C=NC=N3)C4=C(C=C(C=C4)Cl)Cl,IJJVMEJXYNJXOJ-UHFFFAOYSA-N,0240,327.53999999999996,327.53999999999996,1,0.0,0,833.9957275390625,60.7264175121738,0.9999853372573853
Kaenpferol 3-xyloside 7-rhamnoside,1.7281,CC1C(C(C(C(O1)OC2=CC(=C3C(=C2)OC(=C(C3=O)OC4C(C(C(CO4)O)O)O)C5=CC=C(C=C5)O)O)O)O)O,DQBVFTJNUYZVQL-UHFFFAOYSA-N,0390,103.68599999999999,105.06,4,0.013078241005140009,0,642.034423828125,83.8503986465752,0.9999823570251465
Iodocarb; LC-ESI-ITFT; MS2; CE,8.456,CCCCNC(=O)OCC#CI,WYVVKGNFXHOCQV-UHFFFAOYSA-N,0062,507.35999999999996,507.35999999999996,1,0.0,0,720.2606811523438,29.558837060454884,0.9999483823776245
azathioprine,1.2736,CN1C=NC(=C1SC2=NC=NC3=C2NC=N3)[N+](=O)[O-],LMEKQMALGUDUQG-UHFFFAOYSA-N,0391,76.416,76.416,1,0.0,0,635.9329223632812,87.98363831895674,0.9999755620956421
Acesulfame,2.40536745,CC1=CC(=O)NS(=O)(=O)O1,YGCFIWIQZPHFLU-UHFFFAOYSA-N,0263,144.322047,144.322047,1,0.0,0,626.5481567382812,76.96553003183033,0.9999613761901855
RSL3,4.2255,COC(=O)C1CC2=C(C(N1C(=O)CCl)C3=CC=C(C=C3)C(=O)OC)NC4=CC=CC=C24,TXJZRSRTYPUYRW-UHFFFAOYSA-N,0391,253.53000000000003,253.53000000000003,1,0.0,0,897.9400634765625,71.76537607438902,0.9999809265136719
,17.797,CCCCCCCCCN1C=C[N+](=C1C)CCCCCCCCC,OLRPCTMWVJZOTB-UHFFFAOYSA-N,0437,1067.82,1067.82,1,0.0,0,1064.480224609375,0.31374705827442784,0.02780977450311184
w/o MS2:Guanosine; LC-ESI-ITFT; MS2; m/z,0.783,C1=NC2=C(N1C3C(C(C(O3)CO)O)O)N=C(NC2=O)N,NYHBQMYGNKIUIF-UHFFFAOYSA-N,0062,46.980000000000004,50.04,3,0.06115107913669055,0,597.3584594726562,92.13537545923872,0.999974250793457
PHOSPHONOACETATE,0.81,C(C(=O)O)P(=O)(O)O,XUYJLQHKOGNDPB-UHFFFAOYSA-N,0204,48.6,48.6,1,0.0,0,727.824951171875,93.32257022492168,0.9999558925628662
Phospamidon (Mix of isomers),3.677,CCN(CC)C(=O)C(=C(C)OP(=O)(OC)OC)Cl,RGCLLPNLLBQHPF-UHFFFAOYSA-N,0312,220.62,220.62,1,0.0,0,815.167724609375,72.93563111742185,0.9999698400497437
Ethoxysulfuron,9.32,CCOC1=CC=CC=C1OS(=O)(=O)NC(=O)NC2=NC(=CC(=N2)OC)OC,UWVKRNOCDUPIDM-UHFFFAOYSA-N,0383,559.2,559.2,1,0.0,0,729.0748901367188,23.300060451247077,0.9998611211776733
Diatrizoate (Amidotrizoate acid),3.34,CC(=O)NC1=C(C(=C(C(=C1I)C(=O)O)I)NC(=O)C)I,YVPYQUNUQOZFHG-UHFFFAOYSA-N,0383,200.39999999999998,200.39999999999998,1,0.0,0,776.5846557617188,74.19470002231293,0.9999847412109375
lidocaine,1.5696,CCN(CC)CC(=O)NC1=C(C=CC=C1C)C,NNJVILVZKWQKPM-UHFFFAOYSA-N,0391,94.176,94.32300000000001,2,0.0015584746032251471,0,689.8684692382812,86.34870207882025,0.9999779462814331
,5.112833333,CN1CCC23C4C(=O)CCC2(C1CC5=C3C(=C(C=C5)OC)O4)O,BRUQQQPBMZOVGD-UHFFFAOYSA-N,0404,306.76999998,306.76999998,1,0.0,0,619.1470947265625,50.452807968762144,0.9999852180480957
2-QUINOLINECARBOXYLATE,3.0,C1=CC=C2C(=C1)C=CC(=N2)C(=O)O,LOAUVZALPPNFOQ-UHFFFAOYSA-N,0356,180.0,180.0,1,0.0,0,643.6245727539062,72.03338597999364,0.999942421913147
PHOSPHOCREATINE,1.01,CN(CC(=O)O)C(=NP(=O)(O)O)N,DRBBFCLWYRJSJZ-UHFFFAOYSA-N,0179,60.6,61.2,2,0.009803921568627473,0,680.6029663085938,91.09613049019195,0.9999691247940063
GUANOSINE MONOPHOSPHATE,0.581,C1=NC2=C(N1C3C(C(C(O3)COP(=O)(O)O)O)O)N=C(NC2=O)N,RQFCJASXJCIDSX-UHFFFAOYSA-N,0323,34.86,34.86,1,0.0,0,618.4000854492188,94.36287270648144,0.9999829530715942
NCGC00385256-01,2.3309,CC1C(C(C(C(O1)OC2C(OC(C(C2O)OC3C(C(C(C(O3)C)O)O)O)OC4CCC5(C6CCC7(C(C6CC=C5C4)CC8C7(C(C(O8)(CCC(C)COC9C(C(C(C(O9)CO)O)O)O)O)C)O)C)C)CO)O)O)O,BFRBGRATLDMPFZ-UHFFFAOYSA-N,0390,139.854,139.854,1,0.0,0,712.2568359375,80.36466721784161,0.9999837875366211
,7.4,CC(=O)NCCC1=CNC2=C1C=C(C=C2)OC,DRLFMBDRBRZALE-UHFFFAOYSA-N,0433,444.0,444.0,1,0.0,0,694.6309814453125,36.08116944680855,0.9999725818634033
Fenbucanozole,5.243,C1=CC=C(C=C1)C(CCC2=CC=C(C=C2)Cl)(CN3C=NC=N3)C#N,RQDJADAKIFFEKQ-UHFFFAOYSA-N,0257,314.58000000000004,314.58000000000004,1,0.0,0,928.00048828125,66.10131093975676,0.9999865293502808
,18.118,C1=CC=C(C=C1)C2=NC3=CC=CC=C3OC4=CC=CC=C42,CGNUUPFVHAWXPI-UHFFFAOYSA-N,0437,1087.08,1087.08,1,0.0,0,1084.7972412109375,0.21043183945731914,0.010970373637974262
,11.22,CCC(C)NP(=S)(OCC)OC1=C(C=CC(=C1)C)[N+](=O)[O-],OEYOMNZEMCPTKN-UHFFFAOYSA-N,0436,673.2,673.2,1,0.0,0,893.1067504882812,24.622672526890355,0.9999305009841919
Clomazone,4.624,CC1(CON(C1=O)CC2=CC=CC=C2Cl)C,KIEDNEWSYUYDSN-UHFFFAOYSA-N,0312,277.44,277.44,1,0.0,0,734.1859130859375,62.21120630960332,0.9999489784240723
SCHEMBL16148550,1.0946,CC1C(C(C(C(O1)OC2C(C(C(OC2OC(C#N)C3=CC=C(C=C3)O)CO)O)O)O)O)O,OJPOTPLCXUWMGI-UHFFFAOYSA-N,0390,65.676,65.772,2,0.0014595876664842734,0,677.45166015625,90.30543375082256,0.999982476234436
Propargite,12.83,CC(C)(C)C1=CC=C(C=C1)OC2CCCCC2OS(=O)OCC#C,ZYHMJXZULPZUED-UHFFFAOYSA-N,0382,769.8,769.8,1,0.0,0,914.6661987304688,15.838149363291116,0.8412771224975586
Ciclopirox,4.83,CC1=CC(=O)N(C(=C1)C2CCCCC2)O,SCKYRAXSEDYPSA-UHFFFAOYSA-N,0063,289.8,290.4,2,0.0020661157024792214,0,698.4580688476562,58.5086044638122,0.999962568283081
Atazanavir,6.76,CC(C)(C)C(C(=O)NC(CC1=CC=CC=C1)C(CN(CC2=CC=C(C=C2)C3=CC=CC=N3)NC(=O)C(C(C)(C)C)NC(=O)OC)O)NC(=O)OC,AXRYRYVKAWYZBR-UHFFFAOYSA-N,0063,405.59999999999997,405.29999999999995,2,0.0007401924500370378,0,894.1726684570312,54.63963345022653,0.999980092048645
LYXOSE,0.72,C1C(C(C(C(O1)O)O)O)O,SRBFZHDQGSBBOR-UHFFFAOYSA-N,0204,43.199999999999996,43.199999999999996,4,0.0,0,660.2420043945312,93.45694461841818,0.9999641180038452
TAS4464,2.5913,CCOC1=C(C(=CC=C1)F)C#CC2=CN(C3=NC=NC(=C23)N)C4C(C(C(O4)CNS(=O)(=O)N)O)O,TZTRUHFXPVXWRD-UHFFFAOYSA-N,0391,155.478,155.517,2,0.0002507764424467246,0,666.764892578125,76.68173568664871,0.9999765157699585
Cyproconazole,9.89,CC(C1CC1)C(CN2C=NC=N2)(C3=CC=C(C=C3)Cl)O,UFNOUKDBUJZYDE-UHFFFAOYSA-N,0382,593.4000000000001,593.4000000000001,1,0.0,0,706.0230102539062,15.951747835159605,0.4584449827671051
Doramectine,15.7,CC1C=CC=C2COC3C2(C(C=C(C3O)C)C(=O)OC4CC(CC=C(C1OC5CC(C(C(O5)C)OC6CC(C(C(O6)C)O)OC)OC)C)OC7(C4)C=CC(C(O7)C8CCCCC8)C)O,QLFZZSKTJWDQOS-UHFFFAOYSA-N,0045,942.0,942.0,1,0.0,0,1035.5960693359375,9.037893451638414,0.30583199858665466
L-DOPA,1.63,C1=CC(=C(C=C1CC(C(=O)O)N)O)O,WTDRDQBEARUVNC-UHFFFAOYSA-N,0181,97.8,97.8,1,0.0,0,588.1421508789062,83.37136696394742,0.9999592304229736
Hexaflumuron,5.669,C1=CC(=C(C(=C1)F)C(=O)NC(=O)NC2=CC(=C(C(=C2)Cl)OC(C(F)F)(F)F)Cl)F,RGNPBRKPHBKNKX-UHFFFAOYSA-N,0311,340.14,340.14,1,0.0,0,1006.4886474609375,66.20528201107196,0.9999809265136719
,12.62,CC1(C2CCC(=C)C1C2)C,WTARULDDTDQWMU-UHFFFAOYSA-N,0397,757.1999999999999,757.1999999999999,1,0.0,0,663.9425048828125,14.046019712753232,0.7581989169120789
Fostamatinib,2.4575,CC1(C(=O)N(C2=C(O1)C=CC(=N2)NC3=NC(=NC=C3F)NC4=CC(=C(C(=C4)OC)OC)OC)COP(=O)(O)O)C,GKDRMWXFWHEQQT-UHFFFAOYSA-N,0391,147.45,147.45,3,0.0,0,740.3157348632812,80.08282236129554,0.9999898672103882
Methazolamide,4.28,CC(=O)N=C1N(N=C(S1)S(=O)(=O)N)C,FLOSMHQXBMRNHR-UHFFFAOYSA-N,0383,256.8,256.8,1,0.0,0,608.25634765625,57.78095847425041,0.9999614953994751
ADP-GLUCOSE,0.56,C1=NC(=C2C(=N1)N(C=N2)C3C(C(C(O3)COP(=O)(O)OP(=O)(O)OC4C(C(C(C(O4)CO)O)O)O)O)O)N,WFPZSXYXPSUOPY-UHFFFAOYSA-N,0345,33.6,33.6,1,0.0,0,673.1510009765625,95.00854935203908,0.9999827146530151
Glutamic acid,1.336,C(CC(=O)O)C(C(=O)O)N,WHUUTDBJXJRKMK-UHFFFAOYSA-N,0224,80.16000000000001,80.16000000000001,1,0.0,0,637.9513549804688,87.43477862783845,0.9999591112136841
Doxylamine,3.83,CC(C1=CC=CC=C1)(C2=CC=CC=N2)OCCN(C)C,HCFDWZZGGLSKEP-UHFFFAOYSA-N,0063,229.8,229.8,1,0.0,0,631.75341796875,63.62504840276667,0.9999703168869019
Prochloraz,4.722,CCCN(CCOC1=C(C=C(C=C1Cl)Cl)Cl)C(=O)N2C=CN=C2,TVLSRXXIMLFWEO-UHFFFAOYSA-N,0244,283.32000000000005,283.32000000000005,1,0.0,0,884.1691284179688,67.95635688989272,0.9999834299087524
Leptophylloside,1.7943,CC(C)(C1CC2=C(O1)C(=C3C(=C2)C=CC(=O)O3)O)OC4C(C(C(C(O4)CO)O)O)O,QZUDEXAHKXCIDG-UHFFFAOYSA-N,0390,107.658,107.511,2,0.0013673019504981405,0,667.821533203125,83.879226013628,0.9999901056289673
(S)-Indoxacarb,16.686948,COC(=O)C12CC3=C(C1=NN(CO2)C(=O)N(C4=CC=C(C=C4)OC(F)(F)F)C(=O)OC)C=CC(=C3)Cl,VBCVPMMZEGZULK-UHFFFAOYSA-N,0263,1001.2168800000001,1000.37346,2,0.0008431051339567099,0,1042.122314453125,3.92520473708414,0.011859757825732231
Pirimicarb,3.397,CC1=C(N=C(N=C1OC(=O)N(C)C)N(C)C)C,YFGYUFNIOHWBOB-UHFFFAOYSA-N,0242,203.82,203.82,1,0.0,0,719.8563842773438,71.68601898215951,0.9999737739562988
Haloperidol,5.895,C1CN(CCC1(C2=CC=C(C=C2)Cl)O)CCCC(=O)C3=CC=C(C=C3)F,LNEPOXFFQSENCJ-UHFFFAOYSA-N,0270,353.7,353.7,1,0.0,0,795.2632446289062,55.524161038644884,0.9999779462814331
CYTIDINE,0.586,C1=CN(C(=O)N=C1N)C2C(C(C(O2)CO)O)O,UHDGCWIWMRVCDJ-UHFFFAOYSA-N,0319,35.16,35.16,1,0.0,0,666.85595703125,94.72749705100823,0.9999747276306152
MEGxm0_000344,4.3482,CC(CCCCC(C(CO)C(=O)OC(CCCCC(C)CC(=CC(=CC(=O)O)C)C)C(CO)C(=O)O)O)CC(=CC(=CC(=O)O)C)C,DQBXBQIOPVLJEV-UHFFFAOYSA-N,0390,260.892,267.9,3,0.026159014557670706,0,1054.286376953125,75.254161895369,0.9999816417694092
CITRATE,0.974,C(C(=O)O)C(CC(=O)O)(C(=O)O)O,KRKNYBCHXYNGOX-UHFFFAOYSA-N,0256,58.44,58.44,1,0.0,0,606.9492797851562,90.37151835476496,0.9999710321426392
Isoxaben,5.736,CCC(C)(CC)C1=NOC(=C1)NC(=O)C2=C(C=CC=C2OC)OC,PMHURSZHKKJGBM-UHFFFAOYSA-N,0354,344.15999999999997,344.15999999999997,1,0.0,0,967.5354614257812,64.42921073995176,0.9999808073043823
Sebuthylazine,12.25,CCC(C)NC1=NC(NC(=NCC)N1)Cl,XYDMXWUMKFOFTG-UHFFFAOYSA-N,0274,735.0,735.0,1,0.0,0,620.9290771484375,18.37100677833018,0.9344770312309265
1359164-11-6,2.663,C1CN(CCN1CC2=CC=C(C=C2)C3=C(C=C(C=C3)C(C(F)(F)F)(C(F)(F)F)O)F)CC4=CC=NC=C4,KVHKWAZUPPBMLL-UHFFFAOYSA-N,0391,159.78,159.78,1,0.0,0,694.3701171875,76.98921712714565,0.9999854564666748
Myricetin,1.89,C1=C(C=C(C(=C1O)O)O)C2=C(C(=O)C3=C(C=C(C=C3O2)O)O)O,IKMDFBPHZNJCSN-UHFFFAOYSA-N,0060,113.39999999999999,113.39999999999999,1,0.0,0,734.3693237304688,84.55817851650616,0.9999779462814331
Gemifloxacin,2.0614,CON=C1CN(CC1CN)C2=C(C=C3C(=O)C(=CN(C3=N2)C4CC4)C(=O)O)F,ZRCVYEYHRGVLOC-UHFFFAOYSA-N,0391,123.684,120.828,2,0.023636905353063814,0,642.34130859375,80.74481613664611,0.9999821186065674
L-HISTIDINOL,2.27,C1=C(NC=N1)CC(CO)N,ZQISRDCJNBUVMM-UHFFFAOYSA-N,0073,136.2,136.2,1,0.0,0,581.0228271484375,76.55858020786435,0.9999614953994751
4-COUMARATE,5.356666667,C1=CC(=CC=C1C=CC(=O)O)O,NGSWKAQJJWESNS-UHFFFAOYSA-N,0197,321.40000002,321.40000002,1,0.0,0,666.6469116210938,51.78857136854538,0.9999570846557617
7-Methyladenine,1.336,CN1C=NC2=NC=NC(=C21)N,HCGHYQLFMPXSDU-UHFFFAOYSA-N,0217,80.16000000000001,80.16000000000001,1,0.0,0,587.8094482421875,86.3629276052445,0.999943733215332
(E/Z)-Endoxifen,3.5032,CCC(=C(C1=CC=C(C=C1)O)C2=CC=C(C=C2)OCCNC)C3=CC=CC=C3,MHJBZVSGOZTKRH-UHFFFAOYSA-N,0391,210.192,213.95999999999998,8,0.01761076836791911,0,878.5390014648438,76.07482426511133,0.9999868869781494
Climbazole,10.27,CC(C)(C)C(=O)C(N1C=CN=C1)OC2=CC=C(C=C2)Cl,OWEGWHBOCFMBLP-UHFFFAOYSA-N,0276,616.1999999999999,616.1999999999999,1,0.0,0,843.3565673828125,26.93481928856584,0.9998812675476074
,7.21,CC(=O)OC1C(SC2=CC=CC=C2N(C1=O)CCNC)C3=CC=C(C=C3)OC,YOMLDISQSWWYOT-UHFFFAOYSA-N,0436,432.6,432.6,1,0.0,0,807.1787109375,46.4059205058127,0.9999797344207764
Diuron,4.374,CN(C)C(=O)NC1=CC(=C(C=C1)Cl)Cl,XMTQQYYKAHVGBJ-UHFFFAOYSA-N,0251,262.44,262.44,1,0.0,0,817.9110717773438,67.91338214438025,0.9999549388885498
CYTIDINE MONOPHOSPHATE,0.883333333,C1=CN(C(=O)N=C1N)C2C(C(C(O2)COP(=O)(O)O)O)O,IERHLVCPSMICTF-UHFFFAOYSA-N,0191,52.999999980000005,52.89999999,2,0.0018903589795635405,0,622.0892944335938,91.48032276809136,0.9999828338623047
Carbosulfan,6.852,CCCCN(CCCC)SN(C)C(=O)OC1=CC=CC2=C1OC(C2)(C)C,JLQUFIHWVLZVTJ-UHFFFAOYSA-N,0312,411.12,411.12,1,0.0,0,995.3493041992188,58.69590722919574,0.9999833106994629
GAMMA-GLUTAMYLPHENYLALANINE,3.652045,C1=CC=C(C=C1)CC(C(=O)O)NC(=O)CCC(C(=O)O)N,XHHOHZPNYFQJKL-UHFFFAOYSA-N,0392,219.1227,219.1227,1,0.0,0,624.6821899414062,64.92253124415902,0.999966025352478
"1,3-dicaffeoylquinic acid",19.1,C1C(C(C(CC1(C(=O)O)OC(=O)C=CC2=CC(=C(C=C2)O)O)OC(=O)C=CC3=CC(=C(C=C3)O)O)O)O,YDDUMTOHNYZQPO-UHFFFAOYSA-N,0036,1146.0,1146.0,1,0.0,0,667.90869140625,71.58033946034622,0.999885082244873
ANILINE-2-SULFONIC ACID,1.11,C1=CC=C(C(=C1)N)S(=O)(=O)O,ZMCHBSMFKQYNKA-UHFFFAOYSA-N,0123,66.60000000000001,66.60000000000001,1,0.0,0,638.1997680664062,89.56439608215744,0.9999456405639648
,8.323,CC12CCC(=O)C=C1CCC3C2C(CC4(C3CCC4(C(=O)CO)O)C)O,JYGXADMDTFJGBT-UHFFFAOYSA-N,0415,499.38,499.38,1,0.0,0,717.1737060546875,30.368333949778105,0.9999433755874634
Benzothiazole- 2-Amino,5.84,C1=CC=C2C(=C1)N=C(S2)N,UHGULLIUJBCTEF-UHFFFAOYSA-N,0382,350.4,350.4,1,0.0,0,678.9511108398438,48.39098214795394,0.9999414682388306
O-ACETYLSERINE,0.746666667,CC(=O)OCC(C(=O)O)N,VZXPDPZARILFQX-UHFFFAOYSA-N,0188,44.80000002,44.80000002,1,0.0,0,622.3336181640625,92.8012887762413,0.9999666213989258
Sinapic acid,23.3,COC1=CC(=CC(=C1O)OC)C=CC(=O)O,PCMORTLOPMLEFB-UHFFFAOYSA-N,0036,1398.0,1398.0,1,0.0,0,647.4500122070312,115.92400550499484,0.9998812675476074
THREONINE,1.0,CC(C(C(=O)O)N)O,AYFVYJQAPQTCCC-UHFFFAOYSA-N,0180,60.0,59.4,2,0.010101010101010124,0,585.4572143554688,89.75159951422683,0.9999489784240723
GLUCOSAMINE 6-SULFATE,1.12,C(C1C(C(C(C(O1)O)N)O)O)OS(=O)(=O)O,MTDHILKWIRSIHB-UHFFFAOYSA-N,0189,67.2,67.2,1,0.0,0,701.3324584960938,90.4182389983631,0.9999707937240601
Dronedarone,7.11,CCCCC1=C(C2=C(O1)C=CC(=C2)NS(=O)(=O)C)C(=O)C3=CC=C(C=C3)OCCCN(CCCC)CCCC,ZQTNQVWKHCQYLQ-UHFFFAOYSA-N,0063,426.6,426.6,1,0.0,0,1069.4129638671875,60.10895562203225,0.9999873638153076
,3.59,C1=CC(=C(C=C1C2=[O+]C3=CC(=CC(=C3C=C2)O)O)O)O,GDNIGMNXEKGFIP-UHFFFAOYSA-O,0429,215.39999999999998,215.39999999999998,1,0.0,0,731.5372924804688,70.55515799206492,0.9999691247940063
D-(+)-Glucosamine hydrochloride,0.15,C(C1C(C(C(C(O1)O)N)O)O)O,MSWZFWKMSRAUBD-UHFFFAOYSA-N,0062,9.0,9.0,1,0.0,0,684.8848266601562,98.68591044075417,0.9999731779098511
920022-47-5,3.2409,CN(C)CCN1C=C(C2=C1C=C(C=C2)Cl)C(=O)N3CCC4(CC3)C5=CC=CC=C5CO4,QZXVLRCMAHJVIP-UHFFFAOYSA-N,0391,194.454,194.37,2,0.00043216545763236704,0,834.2158203125,76.69020470899763,0.9999858140945435
,0.71615217,C1=NC2=C(C(=O)N1)N=CN2C3C(C(C(O3)COP(=O)(O)O)O)O,GRSZFWQUAKGDAV-UHFFFAOYSA-N,0402,42.969130199999995,42.969130199999995,1,0.0,0,600.5623779296875,92.84518448389541,0.999980092048645
Ametryn,10.802,CCN=C1NC(N=C(N1)NC(C)C)SC,DBJVFMPTKAALKG-UHFFFAOYSA-N,0278,648.12,648.12,1,0.0,0,559.5802001953125,15.822539784964535,0.8568481802940369
Genipin,1.7384,COC(=O)C1=COC(C2C1CC=C2CO)O,AZKVWQKMDGGDSV-UHFFFAOYSA-N,0391,104.304,104.304,1,0.0,0,653.0347290039062,84.0278019885561,0.9999603033065796
C14-APS,5.433,CCCCCCCCCCCCCC[N+]1=CC=CC(=C1)S(=O)(=O)[O-],FTXFFWNOPGSLDR-UHFFFAOYSA-N,0251,325.98,325.98,1,0.0,0,1059.0616455078125,69.21992205244153,0.9999743700027466
JWH-122,12.89,CCCCCN1C=C(C2=CC=CC=C21)C(=O)C3=CC=C(C4=CC=CC=C43)C,HUKJQMKQFWYIHS-UHFFFAOYSA-N,0382,773.4000000000001,773.4000000000001,1,0.0,0,1140.9395751953125,32.213763391667335,0.999902606010437
N6-Methyladenosine,2.06,CNC1=C2C(=NC=N1)N(C=N2)C3C(C(C(O3)CO)O)O,VQAYFKKCNSOZKM-UHFFFAOYSA-N,0235,123.60000000000001,123.60000000000001,1,0.0,0,607.3234252929688,79.64840563487631,0.9999653100967407
Chlorotoluron,4.434,CC1=C(C=C(C=C1)NC(=O)N(C)C)Cl,JXCGFZXSOMJFOA-UHFFFAOYSA-N,0344,266.04,266.04,1,0.0,0,787.794677734375,66.229779469302,0.9999653100967407
Thiabendazole,3.598,C1=CC=C2C(=C1)NC(=N2)C3=CSC=N3,WJCNZQLZVWNLKY-UHFFFAOYSA-N,0350,215.88,215.88,1,0.0,0,676.0501098632812,68.06745582163167,0.9999430179595947
Bifentrin,4.292,CC1=C(C=CC=C1C2=CC=CC=C2)COC(=O)C3C(C3(C)C)C=C(C(F)(F)F)Cl,OMFRMAHOUUJSGP-UHFFFAOYSA-N,0254,257.52,257.52,1,0.0,0,1081.0526123046875,76.1787727008961,0.9999825954437256
,11.02,CC1=C(C=CC(=C1)OP(=S)(OC)OC)SC,PNVJTZOFSHSLTO-UHFFFAOYSA-N,0436,661.1999999999999,661.1999999999999,1,0.0,0,917.5924682617188,27.941867128380753,0.9999032020568848
Arachidonic acid,6.837,CCCCCC=CCC=CCC=CCC=CCCCC(=O)O,YZXBAPSDXZZRGB-UHFFFAOYSA-N,0259,410.21999999999997,410.21999999999997,1,0.0,0,1172.781005859375,65.0216026734331,0.9999762773513794
Hexaflumuron,5.915,C1=CC(=C(C(=C1)F)C(=O)NC(=O)NC2=CC(=C(C(=C2)Cl)OC(C(F)F)(F)F)Cl)F,RGNPBRKPHBKNKX-UHFFFAOYSA-N,0252,354.9,354.9,1,0.0,0,1006.4886474609375,64.73879751199341,0.9999809265136719
C11-APS,4.98,CCCCCCCCCCC[N+]1=CC=CC(=C1)S(=O)(=O)[O-],MELJIQNHSDJRCS-UHFFFAOYSA-N,0252,298.8,298.8,1,0.0,0,952.9651489257812,68.64523321374148,0.9999744892120361
,13.395,CCCCCCCCCC[N+](C)(C)CCCCCCCCCC,JGFDZZLUDWMUQH-UHFFFAOYSA-N,0415,803.6999999999999,803.6999999999999,1,0.0,0,1106.513427734375,27.36644853505268,0.9999523162841797
Deoxycholic acid,5.769,CC(CCC(=O)O)C1CCC2C1(C(CC3C2CCC4C3(CCC(C4)O)C)O)C,KXGVEGMKQFWNSR-UHFFFAOYSA-N,0242,346.14,346.14,1,0.0,0,792.5154418945312,56.32387942214196,0.9999833106994629
Elacridar,3.2047,COC1=CC=CC2=C1NC3=C(C2=O)C=CC=C3C(=O)NC4=CC=C(C=C4)CCN5CCC6=CC(=C(C=C6C5)OC)OC,OSFCMRGOZNQUSW-UHFFFAOYSA-N,0391,192.28199999999998,192.32099999999997,2,0.0002027859672110028,0,808.1912841796875,76.20835515503414,0.9999852180480957
Fenofibric acid,4.316,CC(C)(C(=O)O)OC1=CC=C(C=C1)C(=O)C2=CC=C(C=C2)Cl,MQOBSOSZFYZQOK-UHFFFAOYSA-N,0391,258.96,259.053,2,0.0003589998957742923,0,917.0508422851562,71.76165289214394,0.9999847412109375
,0.892,COC1=C(C=CC(=C1)C(C(=O)O)O)O,CGQCWMIAEPEHNQ-UHFFFAOYSA-N,0403,53.52,53.52,2,0.0,0,635.1507568359375,91.57365406181442,0.9999690055847168
,16.92,CC1COC2=C1C(=O)C(=O)C3=C2C=CC4=C(C=CC=C43)C,HARGZZNYNSYSGJ-UHFFFAOYSA-N,0397,1015.2,1015.2,1,0.0,0,1067.048583984375,4.859064972540574,0.035606998950242996
,6.14,CC(C)C(CCCNC)(C#N)C1=CC(=C(C=C1)OC)OC,WLOBUUJURNEQCL-UHFFFAOYSA-N,0436,368.4,368.4,1,0.0,0,760.4945678710938,51.55783938979497,0.9999719858169556
"[(3S,4R,5S)-5-[(2S,3R,4S,5S,6R)-4,5-dihydroxy-6-(hydroxymethyl)-2-(4-hydroxyphenoxy)oxan-3-yl]oxy-3,4-dihydroxyoxolan-3-yl]methyl 4-hydroxybenzoate",1.6209,C1C(C(C(O1)OC2C(C(C(OC2OC3=CC=C(C=C3)O)CO)O)O)O)(COC(=O)C4=CC=C(C=C4)O)O,GDCHGVOUTCXBSI-UHFFFAOYSA-N,0390,97.254,97.11,6,0.0014828544949027438,0,693.5006103515625,85.97636418074698,0.9999822378158569
Tebufenozide,10.45,CCC1=CC=C(C=C1)C(=O)NN(C(=O)C2=CC(=CC(=C2)C)C)C(C)(C)C,QYPNKSZPJQQLRK-UHFFFAOYSA-N,0383,627.0,626.1,2,0.001437470052707199,0,1004.1982421875,37.56212930285841,0.9999252557754517
Flubromazolam,8.04,CC1=NN=C2N1C3=C(C=C(C=C3)Br)C(=NC2)C4=CC=CC=C4F,VXGSZBZQCBNUIP-UHFFFAOYSA-N,0382,482.4,482.4,1,0.0,0,838.2832641601562,42.45381953517848,0.9999613761901855
LRRK2-IN-1,2.3446,CN1CCN(CC1)C2CCN(CC2)C(=O)C3=CC(=C(C=C3)NC4=NC=C5C(=N4)N(C6=CC=CC=C6C(=O)N5C)C)OC,IWMCPJZTADUIFX-UHFFFAOYSA-N,0391,140.676,163.089,2,0.13742803009399782,0,634.8853759765625,77.84229952003285,0.9999889135360718
THYMIDINE-MONOPHOSPHATE,0.84,CC1=CN(C(=O)NC1=O)C2CC(C(O2)COP(=O)(O)O)O,GYOZYWVXFNDGLU-UHFFFAOYSA-N,0204,50.4,49.89999999,2,0.010020040282569163,0,644.6378784179688,92.18165706866488,0.9999858140945435
Cotinine,3.685,CN1C(CCC1=O)C2=CN=CC=C2,UIKROCXWUNQSPJ-UHFFFAOYSA-N,0288,221.1,221.1,1,0.0,0,620.0189819335938,64.33980145084,0.9999344348907471
Picloram,7.2766965,C1(=C(C(=NC(=C1Cl)Cl)C(=O)O)Cl)N,NQQVFXUMIDALNH-UHFFFAOYSA-N,0262,436.60179,436.60179,1,0.0,0,711.7662963867188,38.65938971592098,0.9999459981918335
Sulfamethazine,4.13,CC1=CC(=NC(=N1)NS(=O)(=O)C2=CC=C(C=C2)N)C,ASWVTGNCAZCNNR-UHFFFAOYSA-N,0272,247.79999999999998,247.79999999999998,1,0.0,0,643.1697387695312,61.47206793745084,0.9999769926071167
Bisphenol S,5.346,C1=CC(=CC=C1O)S(=O)(=O)C2=CC=C(C=C2)O,VPWNQTHUCYMVMZ-UHFFFAOYSA-N,0382,320.76,320.76,1,0.0,0,704.6455688476562,54.47924258935516,0.9999760389328003
HMDB0040598,13.90746667,CCCCCC(C)CCCCCCCCCC(=O)O,AOKNWGQMRWJWFS-UHFFFAOYSA-N,0024,834.4480002,832.2805002,4,0.002604290259689083,0,1078.7391357421875,22.645988028802886,0.9999402761459351
CHOLESTEROL,15.3,CC(C)CCCC(C)C1CCC2C1(CCC3C2CC=C4C3(CCC(C4)O)C)C,HVYWMOMLDIMFJA-UHFFFAOYSA-N,0010,918.0,918.0,1,0.0,0,1017.38525390625,9.768694162281239,0.4053751230239868
Cycluron,13.510532,CN(C)C(=O)NC1CCCCCCC1,DQZCVNGCTZLGAQ-UHFFFAOYSA-N,0263,810.6319199999999,810.95259,2,0.00039542385578923147,0,796.143310546875,1.8198494242415504,0.017348485067486763
Dianemycin,7.3032,CC1CC(C(OC1C2CC(C3(O2)C(C(CC(O3)C4(CCC5(O4)CC(C(C(O5)C(C)C=C(C)C(=O)C(C)CC(C)C(=O)O)C)O)C)OC6CCC(C(O6)C)OC)C)C)(CO)O)C,FELYAZAWTURXNF-UHFFFAOYSA-N,0391,438.192,404.616,7,0.0829823832967555,0,1006.5020141601562,56.463872517370426,0.9999816417694092
MEGxp0_002019,5.2182,CC(=C)C1CCC2(C1C3CCC4C5(CCC(=O)C(C5C(CC4(C3(CC2)C)C)O)(C)C)C)C(=O)O,FIADIPXEFYWJQV-UHFFFAOYSA-N,0390,313.09200000000004,310.071,4,0.009742929845100041,0,942.9080810546875,66.79506663578577,0.999982476234436
N-ACETYL-L-PHENYLALANINE,13.69,CC(=O)NC(CC1=CC=CC=C1)C(=O)O,CBQJSKKFNMDLON-UHFFFAOYSA-N,0088,821.4,821.4,1,0.0,0,622.2874145507812,31.996884525288806,0.9998435974121094
,0.842,C[N+](C)(C)CCCC(=O)[O-],JHPNVNIEXXLNTR-UHFFFAOYSA-N,0403,50.519999999999996,50.519999999999996,1,0.0,0,728.0189208984375,93.06061991662882,0.9999595880508423
Cymiazol hydrochloride,2.92,CC1=CC(=C(C=C1)N=C2N(C=CS2)C)C,YUAUPYJCVKNAEC-UHFFFAOYSA-N,0246,175.2,175.2,1,0.0,0,784.111328125,77.65623404281817,0.9999580383300781
Thifensulfurson methyl,4.839,CC1=NC(=NC(=N1)OC)NC(=O)NS(=O)(=O)C2=C(SC=C2)C(=O)OC,AHTPATJNIAFOLR-UHFFFAOYSA-N,0352,290.34000000000003,290.34000000000003,1,0.0,0,712.8668823242188,59.27149834014164,0.9999792575836182
Hexaflumuron,6.14,C1=CC(=C(C(=C1)F)C(=O)NC(=O)NC2=CC(=C(C(=C2)Cl)OC(C(F)F)(F)F)Cl)F,RGNPBRKPHBKNKX-UHFFFAOYSA-N,0237,368.4,368.4,1,0.0,0,1006.4886474609375,63.39750071405571,0.9999809265136719
L-threo-3-phenylserine,2.2,C1=CC=C(C=C1)C(C(C(=O)[O-])[NH3+])O,VHVGNTVUSQUXPS-UHFFFAOYSA-N,0004,132.0,135.0,2,0.022222222222222223,0,654.8975830078125,79.84417664304843,0.9999606609344482
Kynurenic acid,2.92,C1=CC=C2C(=C1)C(=O)C=C(N2)C(=O)O,HCZHHEIFKROPDY-UHFFFAOYSA-N,0323,175.2,175.2,1,0.0,0,643.2357177734375,72.76270655391225,0.9999197721481323
,8.47,CN(C)C1=CC=C(C=C1)C=NNC(=O)CC2=NNC(=O)NC2=O,BGVKWUWMVCLWGM-UHFFFAOYSA-N,0437,508.20000000000005,508.20000000000005,1,0.0,0,605.5853881835938,16.08119847073814,0.9334165453910828
NORVALINE,0.726666667,CCCC(C(=O)O)N,SNDPXSYFESPGGJ-UHFFFAOYSA-N,0199,43.60000002,43.60000002,1,0.0,0,608.8997802734375,92.83954413640605,0.9999570846557617
Resveratrol,5.93,C1=CC(=CC=C1C=CC2=CC(=CC(=C2)O)O)O,LUKBXSAWLPMMSZ-UHFFFAOYSA-N,0382,355.79999999999995,355.79999999999995,1,0.0,0,711.4757690429688,49.991269487842274,0.9999701976776123
Dexlansoprazole,5.4,CC1=C(C=CN=C1CS(=O)C2=NC3=CC=CC=C3N2)OCC(F)(F)F,MJIHNNLFOKEZEW-UHFFFAOYSA-N,0063,324.0,324.0,1,0.0,0,791.2535400390625,59.052315900665064,0.9999780654907227
Fluopicolide,5.685,C1=CC(=C(C(=C1)Cl)C(=O)NCC2=C(C=C(C=N2)C(F)(F)F)Cl)Cl,GBOYJIHYACSLGN-UHFFFAOYSA-N,0319,341.09999999999997,341.09999999999997,1,0.0,0,1025.4200439453125,66.73558294339414,0.9999796152114868
METHYLPARABEN,5.79481,COC(=O)C1=CC=C(C=C1)O,LXCFILQKKLGQFO-UHFFFAOYSA-N,0392,347.6886,347.6886,1,0.0,0,704.860595703125,50.67271427576859,0.9999419450759888
,4.664,CSC(=N)N,SDDKIZNHOCEXTF-UHFFFAOYSA-N,0437,279.84,279.84,1,0.0,0,618.5985107421875,54.762257726057065,0.9999532699584961
,10.175999999999998,C1=CC=C(C=C1)C2=CC=C(C=C2)C(=O)NCC3=CC=NC=C3,JBXPVMOIWQIHRH-UHFFFAOYSA-N,0437,610.56,610.56,1,0.0,0,686.2687377929688,11.031937435536857,0.07163014262914658
GLUCONOLACTONE,0.763333333,C(C1C(C(C(C(=O)O1)O)O)O)O,PHOQVHQSTUBQQK-UHFFFAOYSA-N,0203,45.799999979999996,45.39999999,2,0.008810572468900959,0,695.2760620117188,93.41268850138724,0.9999692440032959
THIAMINE MONOPHOSPHATE,0.67,CC1=C(SC=[N+]1CC2=CN=C(N=C2N)C)CCOP(=O)(O)[O-],HZSAJDVWZRBGIF-UHFFFAOYSA-N,0256,40.2,40.2,1,0.0,0,681.9400634765625,94.1050537792048,0.9999788999557495
6-Mercaptopurine,2.623,C1=NC2=C(N1)C(=S)N=CN2,GLVAUDGFNGKCSF-UHFFFAOYSA-N,0382,157.38000000000002,157.38000000000002,1,0.0,0,586.8350219726562,73.18155970463992,0.9999529123306274
,2,C1C(C(OC1N2C=NC3=C2N=CN4C3=NC=C4)CO)O,XQQIMTUYVDUWKJ-UHFFFAOYSA-N,0433,120.0,120.0,1,0.0,0,587.5411987304688,79.57590033528025,0.9999769926071167
Praliciguat,4.8156,C1=CC=C(C(=C1)CN2C(=CC(=N2)C3=NC=C(C(=N3)NCC(C(F)(F)F)(C(F)(F)F)O)F)C4=NOC=C4)F,CYSJNTQNMDWAJV-UHFFFAOYSA-N,0391,288.936,288.936,1,0.0,0,795.8248901367188,63.6935205745623,0.9999890327453613
ADP-GLUCOSE,0.665,C1=NC(=C2C(=N1)N(C=N2)C3C(C(C(O3)COP(=O)(O)OP(=O)(O)OC4C(C(C(C(O4)CO)O)O)O)O)O)N,WFPZSXYXPSUOPY-UHFFFAOYSA-N,0259,39.900000000000006,39.900000000000006,1,0.0,0,673.1510009765625,94.07265235554641,0.9999827146530151
Taurodeoxycholic Acid (sodium salt),4.706,CC(CCC(=O)NCCS(=O)(=O)O)C1CCC2C1(C(CC3C2CCC4C3(CCC(C4)O)C)O)C,AWDRATDZQPNJFN-UHFFFAOYSA-N,0237,282.36,282.36,1,0.0,0,716.3905639648438,60.58574551327332,0.9999759197235107
PALATINOSE,0.773,C(C1C(C(C(C(O1)OCC2C(C(C(O2)(CO)O)O)O)O)O)O)O,PVXPPJIGRGXGCY-UHFFFAOYSA-N,0258,46.38,46.38,1,0.0,0,692.9940795898438,93.30730213056792,0.9999884366989136
GUANINE,0.834,C1=NC2=C(N1)C(=O)NC(=N2)N,UYTPUPDQBNUYGX-UHFFFAOYSA-N,0348,50.04,50.04,1,0.0,0,691.3158569335938,92.7616299412026,0.9999547004699707
Amphetamine-dehydrometh (DHMEPH),4.6,CC(CC1=CC=C(C=C1)OC)NC,UGFMBZYKVQSQFX-UHFFFAOYSA-N,0382,276.0,267.0,2,0.033707865168539325,0,618.7705688476562,55.395422165278795,0.9999555349349976
PYRIDOXAMINE,0.508,CC1=NC=C(C(=C1O)CN)CO,NHZMQXZHNVQTQA-UHFFFAOYSA-N,0312,30.48,30.48,1,0.0,0,579.6666870117188,94.74180581997395,0.999956488609314
CHEBI:143767,2.9328,CC1CCC2C(C(CCC2(C13CC4=C(C=C5CN=C(C5=C4O3)N)O)C)O)(C)C,SDIGNZADDDFEPI-UHFFFAOYSA-N,0390,175.968,199.92600000000002,4,0.11983433870532109,0,757.8145141601562,76.77954212911645,0.9999825954437256
,5.166666667,C1=CC=C2C(=C1)C(=CN2)CC(C(=O)O)O,XGILAAMKEQUXLS-UHFFFAOYSA-N,0405,310.00000002,310.00000002,1,0.0,0,628.6954345703125,50.69154586244573,0.9999532699584961
GNE-6640,2.1096,CCC1=C(C(=NC=C1C2=CC3=C(C=C2)NN=C3)N)C4=CC=C(C=C4)O,ZHYXJQQBKROZDX-UHFFFAOYSA-N,0391,126.576,126.65699999999998,2,0.0006395224898741394,0,708.9924926757812,82.14706060958495,0.9999841451644897
Corynoxeine,2.2023,COC=C(C1CC2C3(CCN2CC1C=C)C4=CC=CC=C4NC3=O)C(=O)OC,MUVGVMUWMAGNSY-UHFFFAOYSA-N,0391,132.138,132.40200000000002,5,0.0019939275841755408,0,660.99169921875,80.00912868403964,0.9999829530715942
,0.80231774,C(C1C(C(C(C(O1)O)N)O)O)O,MSWZFWKMSRAUBD-UHFFFAOYSA-N,0402,48.1390644,48.1390644,1,0.0,0,684.8848266601562,92.97121756445527,0.9999731779098511
pheniramine,1.3515,CN(C)CCC(C1=CC=CC=C1)C2=CC=CC=N2,IJHNSHDBIRRJRN-UHFFFAOYSA-N,0391,81.08999999999999,81.08999999999999,1,0.0,0,616.1166381835938,86.83853105492074,0.9999730587005615
Terrein,0.9154,CC=CC1=CC(=O)C(C1O)O,MHOOPNKRBMHHEC-UHFFFAOYSA-N,0390,54.924,54.924,1,0.0,0,636.0443725585938,91.36475340878198,0.9999536275863647
4-Hydroxy-1H-benzotriazole,6.0005722,C1=CC2=NNN=C2C(=C1)O,JMTMSDXUXJISAY-UHFFFAOYSA-N,0262,360.034332,361.330662,3,0.003587655674790233,0,579.1263427734375,37.83147037038677,0.9999399185180664
PC(O-16:0/15:0),6.469,CCCCCCCCCCCCCCCCOCC(COP(=O)([O-])OCC[N+](C)(C)C)OC(=O)CCCCCCCCCCCCCC,STLGSPGBYIURQE-UHFFFAOYSA-N,0233,388.14000000000004,388.14000000000004,1,0.0,0,1189.395751953125,67.36662297955668,0.999974250793457
Specioside,2.3396,C1=COC(C2C1C(C3C2(O3)CO)OC(=O)C=CC4=CC=C(C=C4)O)OC5C(C(C(C(O5)CO)O)O)O,SKNVKBJSSSJNCI-UHFFFAOYSA-N,0390,140.376,133.569,2,0.050962423915729076,0,665.2958984375,78.90021562891278,0.9999874830245972
Irgarol,13.646,CC(C)(C)NC1NC(N=C(N1)NC2CC2)SC,HXECEUCZKDGOSD-UHFFFAOYSA-N,0280,818.76,818.76,1,0.0,0,601.9252319335938,36.02353856638595,0.9999210834503174
,14.8,C1CSSC1CCCCC(=O)O,AGBQKNBQESQNJD-UHFFFAOYSA-N,0434,888.0,888.0,1,0.0,0,767.844482421875,15.648418440038778,0.6064518094062805
Sulfamethazine-N4-Acetyl,5.027,CC1=CC(=NC(=N1)NS(=O)(=O)C2=CC=C(C=C2)NC(=O)C)C,LJKAKWDUZRJNPJ-UHFFFAOYSA-N,0388,301.62,301.62,1,0.0,0,672.5490112304688,55.15271081163764,0.9999845027923584
Terodiline,7.91,CC(CC(C1=CC=CC=C1)C2=CC=CC=C2)NC(C)(C)C,UISARWKNNNHPGI-UHFFFAOYSA-N,0383,474.6,474.6,1,0.0,0,926.2052612304688,48.758658596962476,0.9999698400497437
Fumaric acid,0.847,C(=CC(=O)O)C(=O)O,VZCYOOQTPOCHFL-UHFFFAOYSA-N,0259,50.82,48.720000000000006,4,0.04310344827586195,0,616.7739868164062,91.76035288674917,0.9999539852142334
Diethylstilbestrol,8.26,CCC(=C(CC)C1=CC=C(C=C1)O)C2=CC=C(C=C2)O,RGLYKWWBQGJZGM-UHFFFAOYSA-N,0063,495.59999999999997,495.59999999999997,1,0.0,0,945.850341796875,47.602704349772075,0.9999713897705078
Terbufos sulfone,9.01,CCOP(=S)(OCC)SCS(=O)(=O)C(C)(C)C,DWZSTEUTHNUVQD-UHFFFAOYSA-N,0383,540.6,539.7,2,0.0016675931072817809,0,1002.2240600585938,46.05996587545558,0.9999282360076904
Losartan,13.0748995,CCCCC1=NC(=C(N1CC2=CC=C(C=C2)C3=CC=CC=C3C4=NNN=N4)CO)Cl,PSIFNNKUMBGKDQ-UHFFFAOYSA-N,0263,784.49397,782.64228,3,0.0023659468026694932,0,817.3414916992188,4.0188246935721,0.06151236966252327
"3,4-DIHYDROXY-L-PHENYLALANINE",2.65,C1=CC(=C(C=C1CC(C(=O)O)N)O)O,WTDRDQBEARUVNC-UHFFFAOYSA-N,0083,159.0,159.0,1,0.0,0,588.1421508789062,72.96571929721513,0.9999592304229736
CARNOSINE,2.64,C1=C(NC=N1)CC(C(=O)O)NC(=O)CCN,CQOVPNPJLQNMDC-UHFFFAOYSA-N,0081,158.4,158.4,1,0.0,0,600.527587890625,73.6231934728618,0.9999513626098633
SCHEMBL17867174,2.0795,CC1C2(C(=O)C3=C(C=CC=C3O)C(=O)C2(CC(O1)CC(=O)O)O)O,JJKCJXIYVNHIOS-UHFFFAOYSA-N,0390,124.77,124.932,2,0.0012967054077418607,0,619.43994140625,79.85761142286891,0.9999821186065674
Oxymorphone,2.75,CN1CCC23C4C(=O)CCC2(C1CC5=C3C(=C(C=C5)O)O4)O,UQCNKQCJZOAFTQ-UHFFFAOYSA-N,0382,165.0,165.0,1,0.0,0,588.40380859375,71.9580333114532,0.999983549118042
Isoxaflutole,5.353,CS(=O)(=O)C1=C(C=CC(=C1)C(F)(F)F)C(=O)C2=C(ON=C2)C3CC3,OYIKARCXOQLFHF-UHFFFAOYSA-N,0238,321.18,321.18,1,0.0,0,911.4022216796875,64.75979623924168,0.9999827146530151
Tenofovir disoproxil,2.7909,CC(C)OC(=O)OCOP(=O)(COC(C)CN1C=NC2=C(N=CN=C21)N)OCOC(=O)OC(C)C,JFVZFKDSXNQEJW-UHFFFAOYSA-N,0391,167.454,167.34,2,0.0006812477590534499,0,938.2001342773438,82.15156938460866,0.9999773502349854
5-VALEROLACTONE,2.06,C1CCOC(=O)C1,OZJPLYNZGCXSJM-UHFFFAOYSA-N,0195,123.60000000000001,123.60000000000001,1,0.0,0,702.12451171875,82.39628471345685,0.999957799911499
"NCGC00347541-02_C42H66O15_beta-D-Glucopyranose, 1-O-[(3beta,5xi,9xi,18xi)-3-(beta-D-glucopyranuronosyloxy)-29-hydroxy-28-oxoolean-12-en-28-yl]-",2.432,CC1(C2CCC3(C(C2(CCC1OC4C(C(C(C(O4)C(=O)O)O)O)O)C)CC=C5C3(CCC6(C5CC(CC6)(C)CO)C(=O)OC7C(C(C(C(O7)CO)O)O)O)C)C)C,IDUNGWJLADYQNW-UHFFFAOYSA-N,0390,145.92,145.92,1,0.0,0,737.93408203125,80.22587605679655,0.9999854564666748
SALICYLAMIDE,3.471,C1=CC=C(C(=C1)C(=O)N)O,SKZKKFZAGNVIMN-UHFFFAOYSA-N,0236,208.26,208.26,1,0.0,0,629.1847534179688,66.90002437779155,0.9999507665634155
Chlorfluazuron,18.09283,C1=CC(=C(C(=C1)F)C(=O)NC(=O)NC2=CC(=C(C(=C2)Cl)OC3=C(C=C(C=N3)C(F)(F)F)Cl)Cl)F,UISUNVFOGSJSKD-UHFFFAOYSA-N,0263,1085.5698,1085.49183,2,7.182919101293493e-05,0,1071.1026611328125,1.3506771472201224,0.004683093633502722
URACIL,0.63,C1=CNC(=O)NC1=O,ISAKRJDGNUQOIC-UHFFFAOYSA-N,0249,37.8,37.8,1,0.0,0,624.3181762695312,93.9453949225273,0.9999558925628662
Reserpine,16.3075,COC1C(CC2CN3CCC4=C(C3CC2C1C(=O)OC)NC5=C4C=CC(=C5)OC)OC(=O)C6=CC(=C(C(=C6)OC)OC)OC,QEVHRUUCFGRFIF-UHFFFAOYSA-N,0289,978.45,978.45,1,0.0,0,900.33447265625,8.67627861824355,0.13142526149749756
DIHYDROFOLATE,4.54,C1C(=NC2=C(N1)N=C(NC2=O)N)CNC3=CC=C(C=C3)C(=O)NC(CCC(=O)O)C(=O)O,OZRNSSUDZOLUSN-UHFFFAOYSA-N,0048,272.4,272.4,1,0.0,0,671.1119384765625,59.41064606623547,0.9999854564666748
Malathion,5.871,CCOC(=O)CC(C(=O)OCC)SP(=S)(OC)OC,JXSJBGJIGXNWCI-UHFFFAOYSA-N,0356,352.26000000000005,352.26000000000005,1,0.0,0,833.3289184570312,57.72857605227058,0.9999780654907227
3-Indoleacrylic acid,4.773,C1=CC=C2C(=C1)C(=CN2)C=CC(=O)O,PLVPPLCLBIEYEA-UHFFFAOYSA-N,0356,286.38,286.38,1,0.0,0,716.8023071289062,60.04756162866273,0.9999411106109619
γ-Aminobutyric acid,0.613,C(CC(=O)O)CN,BTCSSZJGUNDROE-UHFFFAOYSA-N,0258,36.78,36.78,1,0.0,0,611.0328979492188,93.98068416226967,0.9999542236328125
2-hydroxybenzothiazole,10.631461,C1=CC=C2C(=C1)NC(=O)S2,YEDUAINPPJYDJZ-UHFFFAOYSA-N,0262,637.88766,637.88766,1,0.0,0,692.4946899414062,7.885552154346008,0.06741451472043991
PYRIDOXAMINE,1.25,CC1=NC=C(C(=C1O)CN)CO,NHZMQXZHNVQTQA-UHFFFAOYSA-N,0094,75.0,75.0,1,0.0,0,579.6666870117188,87.06153006883355,0.999956488609314
INOSINE MONOPHOSPHATE,0.607,C1=NC2=C(C(=O)N1)N=CN2C3C(C(C(O3)COP(=O)(O)O)O)O,GRSZFWQUAKGDAV-UHFFFAOYSA-N,0343,36.42,36.42,1,0.0,0,600.5623779296875,93.93568406240327,0.999980092048645
TREHALOSE,0.538,C(C1C(C(C(C(O1)OC2C(C(C(C(O2)CO)O)O)O)O)O)O)O,HDTRYLNUVZCQOY-UHFFFAOYSA-N,0249,32.28,32.28,1,0.0,0,696.142578125,95.36301886792454,0.9999876022338867
Scopolamine-Methyl,3.88,C[N+]1(C2CC(CC1C3C2O3)OC(=O)C(CO)C4=CC=CC=C4)C,LZCOQTDXKCNBEE-UHFFFAOYSA-N,0383,232.79999999999998,232.79999999999998,1,0.0,0,626.9170532226562,62.86590087104895,0.9999867677688599
4-QUINOLINECARBOXYLATE,1.211,C1=CC=C2C(=C1)C(=CC=N2)C(=O)O,VQMSRUREDGBWKT-UHFFFAOYSA-N,0324,72.66000000000001,72.66000000000001,1,0.0,0,630.3743286132812,88.47351538571695,0.9999425411224365
3-(diphenylmethoxy)-8-methyl-8-azabicyclo[3.2.1]octane,3.2419,CN1C2CCC1CC(C2)OC(C3=CC=CC=C3)C4=CC=CC=C4,GIJXKZJWITVLHI-UHFFFAOYSA-N,0391,194.51399999999998,194.51399999999998,1,0.0,0,805.616455078125,75.855259810807,0.9999712705612183
,14.63,CC(=CCCC(=CC=O)C)C,WTEVQBCEXWBHNA-UHFFFAOYSA-N,0397,877.8000000000001,877.8000000000001,1,0.0,0,863.2410278320312,1.6865477541692666,0.017331065610051155
Metoxuron,10.66781,CN(C)C(=O)NC1=CC(=C(C=C1)OC)Cl,DSRNRYQBBJQVCW-UHFFFAOYSA-N,0263,640.0686,640.0686,1,0.0,0,743.33544921875,13.892361695824427,0.41291311383247375
Methacrifos,4.241,CC(=COP(=S)(OC)OC)C(=O)OC,NTAHCMPOMKHKEU-UHFFFAOYSA-N,0242,254.45999999999998,254.45999999999998,1,0.0,0,763.6204223632812,66.6771615127202,0.9999587535858154
Prochloraz BTS44595,16.225178,CCCN(CCOC1=C(C=C(C=C1Cl)Cl)Cl)C(=O)N,MPNJTIZLDHWBFX-UHFFFAOYSA-N,0263,973.51068,973.51068,1,0.0,0,938.9398803710938,3.681897036394166,0.021309154108166695
Tangeretin,16.85,COC1=CC=C(C=C1)C2=CC(=O)C3=C(O2)C(=C(C(=C3OC)OC)OC)OC,ULSUXBXHSYSGDT-UHFFFAOYSA-N,0029,1011.0000000000001,1011.0000000000001,1,0.0,0,995.7683715820312,1.5296356916588494,0.018714256584644318
tCFA15,6.7696,CC1=C(C(CCC1=O)(C)C)CCCCCCCCCCCCCCCO,FGMAOXGOTRUOKJ-UHFFFAOYSA-N,0391,406.176,406.086,2,0.00022162793102932626,0,1086.1553955078125,62.60424597807208,0.999977707862854
Malonyl-L-carnitine,0.568,C[N+](C)(C)CC(CC(=O)[O-])OC(=O)CC(=O)O,ZGNBLKBZJBJFDG-UHFFFAOYSA-N,0312,34.08,34.08,1,0.0,0,666.2484130859375,94.88479081816527,0.9999723434448242
NCGC00381047-01_C20H24O7_,2.7119,CC(=C)C(=O)OC1C(C2C(C=C(CCC=C1C=O)CO)OC(=O)C2=C)OC,QCTMSISXUVDOLP-UHFFFAOYSA-N,0390,162.714,162.714,1,0.0,0,705.2042236328125,76.92668385311285,0.9999849796295166
OLEOYL-GLYCEROL,7.354,CCCCCCCCC=CCCCCCCCC(=O)OCC(CO)O,RZRNAYUHWVFMIP-UHFFFAOYSA-N,0258,441.24,441.24,1,0.0,0,1122.0294189453125,60.674827901147395,0.9999669790267944
,3.999,COC(=O)C(CO)N,ANSUDRATXSJBLY-UHFFFAOYSA-N,0437,239.94,239.94,1,0.0,0,632.66015625,62.07442532461519,0.999948263168335
,22,CC(C)(C)C1=CC=C(C=C1)CCOC2=NC=NC3=CC=CC=C32,DMYHGDXADUDKCQ-UHFFFAOYSA-N,0414,1320.0,1320.0,1,0.0,0,871.4918823242188,51.4644056671688,0.9999008178710938
"5,6-dihydrouracil",1.1,C1CNC(=O)NC1=O,OIVLITBTBDPEFK-UHFFFAOYSA-N,0004,66.0,66.0,1,0.0,0,619.3369140625,89.34344159028447,0.9999619722366333
Chlorpropamide,7.19,CCCNC(=O)NS(=O)(=O)C1=CC=C(C=C1)Cl,RKWGIWYCVPQPMF-UHFFFAOYSA-N,0382,431.40000000000003,431.40000000000003,1,0.0,0,741.1880493164062,41.796147361269796,0.9999686479568481
ALLANTOIN,0.746666667,C1(C(=O)NC(=O)N1)NC(=O)N,POJWUDADGALRAB-UHFFFAOYSA-N,0188,44.80000002,44.80000002,1,0.0,0,674.8764038085938,93.36174745965693,0.999962329864502
GNE-7915,3.5356,CCNC1=NC(=NC=C1C(F)(F)F)NC2=C(C=C(C(=C2)F)C(=O)N3CCOCC3)OC,XCFLWTZSJYBCPF-UHFFFAOYSA-N,0391,212.136,212.328,4,0.000904261331524845,0,711.0501708984375,70.16581829493713,0.9999856948852539
geranyl phenylacetate,54.6,CC(=CCCC(=CCOC(=O)CC1=CC=CC=C1)C)C,UXAIJXIHZDZMSK-UHFFFAOYSA-N,0002,3276.0,3276.0,1,0.0,0,1047.5009765625,212.744338506546,0.9999549388885498
,2.734,C1=CC2=C(C=C1O)C(=CN2)CC(=O)O,DUUGKQCEGZLZNO-UHFFFAOYSA-N,0401,164.04,164.04,1,0.0,0,654.6222534179688,74.94127351407617,0.9999557733535767
Valine,1.435,CC(C)C(C(=O)O)N,KZSNJWFQEVHDMF-UHFFFAOYSA-N,0217,86.10000000000001,86.10000000000001,1,0.0,0,607.149658203125,85.81898238157373,0.999947190284729
345304-65-6,3.5289,C1C2CC3CC1CC(C2)(C3)CNC(=O)C4=C(C=CC(=C4)CCCNCCCO)Cl,HSQAARMBHJCUOK-UHFFFAOYSA-N,0391,211.734,211.734,1,0.0,0,936.0287475585938,77.37954090061258,0.9999842643737793
URATE,0.678,C12=C(NC(=O)N1)NC(=O)NC2=O,LEHOTFFKMJEONL-UHFFFAOYSA-N,0323,40.68,40.68,1,0.0,0,590.2099609375,93.10753753877974,0.9999632835388184
ILK-IN-2,3.4878,CNC(=O)CCC1=CC(=NN1C2=CC=C(C=C2)N3CCNCC3)C4=CC=C(C=C4)C5=CC=C(C=C5)C(F)(F)F,AJLOJUFSIDSBNN-UHFFFAOYSA-N,0391,209.268,209.04000000000002,2,0.001090700344431593,0,852.6080932617188,75.4555461467145,0.999987006187439
"6-hydroxy-1,5-dimethoxy-xanthone",2.6259,COC1=CC=CC2=C1C(=O)C3=C(O2)C(=C(C=C3)O)OC,NTMVXGVBFJZCFH-UHFFFAOYSA-N,0390,157.554,171.732,5,0.0825588707986863,0,750.9755249023438,79.02008856806776,0.9999738931655884
,2.941,CNC(=C[N+](=O)[O-])NCCS(=O)CC1=CC=C(O1)CN(C)C,SKHXRNHSZTXSLP-UHFFFAOYSA-N,0415,176.45999999999998,176.45999999999998,1,0.0,0,583.9303588867188,69.78064296289948,0.999984860420227
PAZ-PC,4.663466667,CCCCCCCCCCCCCCCC(=O)OCC(COP(=O)([O-])OCC[N+](C)(C)C)OC(=O)CCCCCCCC(=O)O,GHQQYDSARXURNG-UHFFFAOYSA-N,0054,279.80800002,279.80800002,1,0.0,0,1153.4835205078125,75.74234958321584,0.9999738931655884
Teflubenzuron,6.171,C1=CC(=C(C(=C1)F)C(=O)NC(=O)NC2=CC(=C(C(=C2F)Cl)F)Cl)F,CJDWRQLODFKPEL-UHFFFAOYSA-N,0238,370.26,370.26,1,0.0,0,974.2916259765625,61.99700478500193,0.9999828338623047
Venlafaxine-N-oxide,6.94,C[N+](C)(CC(C1=CC=C(C=C1)OC)C2(CCCCC2)O)[O-],LASJEFFANGIOGZ-UHFFFAOYSA-N,0382,416.40000000000003,416.40000000000003,1,0.0,0,765.9446411132812,45.635757775552406,0.9999686479568481
Lycorine,4.3339317,C1CN2CC3=CC4=C(C=C3C5C2C1=CC(C5O)O)OCO4,XGVJWXAYKUHDOO-UHFFFAOYSA-N,0262,260.035902,260.035902,1,0.0,0,578.6829833984375,55.064187221665904,0.9999735355377197
Tauro-beta-muricholic Acid,6.09,CC(CCC(=O)NCCS(=O)(=O)O)C1CCC2C1(CCC3C2C(C(C4C3(CCC(C4)O)C)O)O)C,XSOLDPYUICCHJX-UHFFFAOYSA-N,0229,365.4,364.5,2,0.0024691358024690733,0,736.6686401367188,50.39832292410531,0.9999786615371704
,4.4,C1CC1C(C2CC2)NC3=NCCO3,CQXADFVORZEARL-UHFFFAOYSA-N,0436,264.0,264.0,1,0.0,0,591.2054443359375,55.34547211476816,0.9999735355377197
nelfinavir,3.4671,CC1=C(C=CC=C1O)C(=O)NC(CSC2=CC=CC=C2)C(CN3CC4CCCCC4CC3C(=O)NC(C)(C)C)O,QAGYKUNXZHXKMR-UHFFFAOYSA-N,0391,208.02599999999998,208.218,5,0.0009221104803619634,0,801.0078125,74.02946678500717,0.9999879598617554
CORTISONE,16.28,CC12CCC(=O)C=C1CCC3C2C(=O)CC4(C3CCC4(C(=O)CO)O)C,MFYSYFVPBJMHGN-UHFFFAOYSA-N,0100,976.8000000000001,976.8000000000001,1,0.0,0,771.533447265625,26.60501025093025,0.9998708963394165
Azamethiphos,4.001,COP(=O)(OC)SCN1C2=C(C=C(C=N2)Cl)OC1=O,VNKBTWQZTQIWDV-UHFFFAOYSA-N,0244,240.06000000000003,240.06000000000003,1,0.0,0,859.86474609375,72.08165573823553,0.9999773502349854
Tebufenozide,15.316898,CCC1=CC=C(C=C1)C(=O)NN(C(=O)C2=CC(=CC(=C2)C)C)C(C)(C)C,QYPNKSZPJQQLRK-UHFFFAOYSA-N,0262,919.01388,916.91004,3,0.0022944889991606933,0,1004.1982421875,8.482823272219465,0.1795431673526764
CHOLINE,0.81,C[N+](C)(C)CCO,OEYIOHPDSNJKLS-UHFFFAOYSA-N,0099,48.6,48.6,1,0.0,0,632.83935546875,92.32032591209477,0.9999574422836304
Nicotine,3.37,CN1CCCC1C2=CN=CC=C2,SNICXCGAKADSCV-UHFFFAOYSA-N,0047,202.20000000000002,202.20000000000002,1,0.0,0,544.2344360351562,62.84689343198077,0.9999356269836426
Phenmedipham,9.52,CC1=CC(=CC=C1)NC(=O)OC2=CC=CC(=C2)NC(=O)OC,IDOWTHOLJBTAFI-UHFFFAOYSA-N,0045,571.1999999999999,571.1999999999999,1,0.0,0,898.6355590820312,36.43696888831233,0.999923825263977
4-Hydroxybenzoic acid,1.6487,C1=CC(=CC=C1C(=O)O)O,FJKROLUGYXJWQN-UHFFFAOYSA-N,0060,98.922,98.922,1,0.0,0,629.946533203125,84.29676253681313,0.9999533891677856
edrophonium,0.4993,CC[N+](C)(C)C1=CC(=CC=C1)O,VWLHWLSRQJQWRG-UHFFFAOYSA-O,0391,29.958000000000002,29.958000000000002,1,0.0,0,710.76025390625,95.78507663655157,0.9999523162841797
Efavirenz,14.124,C1CC1C#CC2(C3=C(C=CC(=C3)Cl)NC(=O)O2)C(F)(F)F,XPOQHMRABVBWPR-UHFFFAOYSA-N,0278,847.44,847.44,1,0.0,0,989.3177490234375,14.340968729559938,0.8340702056884766
Gabapentina,3.56,CC(C)C(=O)OC(C)OC(=O)NCC1(CCCCC1)CC(=O)O,TZDUHAJSIBHXDL-UHFFFAOYSA-N,0045,213.6,213.6,1,0.0,0,742.9989013671875,71.2516398601726,0.9999833106994629
Temocapril,6.59,CCOC(=O)C(CCC1=CC=CC=C1)NC2CSC(CN(C2=O)CC(=O)O)C3=CC=CS3,FIQOFIRCTOWDOW-UHFFFAOYSA-N,0063,395.4,395.4,1,0.0,0,789.8031005859375,49.9368893706974,0.9999866485595703
Cymoxanil,3.013,CCNC(=O)NC(=O)C(=NOC)C#N,XERJKGMBORTKEO-UHFFFAOYSA-N,0254,180.78,180.78,1,0.0,0,668.9354248046875,72.97496988550378,0.9999575614929199
AGMATINE,2.21,C(CCN=C(N)N)CN,QYPPJABKJHAVHS-UHFFFAOYSA-N,0077,132.6,132.6,1,0.0,0,617.3413696289062,78.52079796957266,0.9999632835388184
Perfluoroheptanoic acid,11.1,C(=O)(C(C(C(C(C(C(F)(F)F)(F)F)(F)F)(F)F)(F)F)(F)F)O,ZWBAMYVPMDSJGQ-UHFFFAOYSA-N,0019,666.0,666.0,1,0.0,0,899.345458984375,25.946143014708777,0.9999005794525146
CTX1,1.9545,C1=CC2=C(C=C1N)N=C3C=C(C=CC3=C2C#N)N,PUMGFEMNXBLDKD-UHFFFAOYSA-N,0391,117.27,117.27,1,0.0,0,725.578369140625,83.83772105294504,0.9999651908874512
L-LYSINE,2.3,C(CCN)CC(C(=O)O)N,KDXKERNSBIXSRK-UHFFFAOYSA-N,0077,138.0,138.0,1,0.0,0,595.35595703125,76.82058970432769,0.9999451637268066
Sulfameter (sulfumetin),4.18,COC1=CN=C(N=C1)NS(=O)(=O)C2=CC=C(C=C2)N,GPTONYMQFTZPKC-UHFFFAOYSA-N,0382,250.79999999999998,250.79999999999998,1,0.0,0,645.2152709960938,61.12925231716682,0.9999735355377197
HMDB0000279,4.591616667,C(CCNC(CCC(=O)O)C(=O)O)CC(C(=O)O)N,ZDGJAHTZVHVLOT-UHFFFAOYSA-N,0024,275.49700002000003,275.49700002000003,1,0.0,0,625.2371826171875,55.937201484595974,0.9999738931655884
,1.82,C1CC(NC1)C(=O)N2CCCC2C(=O)O,RWCOTTLHDJWHRS-UHFFFAOYSA-N,0429,109.2,109.2,1,0.0,0,608.8059692382812,82.06325076992468,0.9999654293060303
Panamesine,2.2095,COC1=CC=C(C=C1)N2CC(OC2=O)CN3CCC(CC3)(C4=CC5=C(C=C4)OCO5)O,NINYZUDVKTUKIA-UHFFFAOYSA-N,0391,132.57,132.57,1,0.0,0,733.2844848632812,81.92106846161934,0.9999881982803345
Adenosine,1.965,C1=NC(=C2C(=N1)N(C=N2)C3C(C(C(O3)CO)O)O)N,OIRDTQYFTABQOQ-UHFFFAOYSA-N,0211,117.9,117.9,1,0.0,0,595.9501953125,80.21646759622648,0.9999749660491943
Droperidol,6.16,C1CN(CC=C1N2C3=CC=CC=C3NC2=O)CCCC(=O)C4=CC=C(C=C4)F,RMEDXOLNCUSCGS-UHFFFAOYSA-N,0382,369.6,369.6,1,0.0,0,795.3952026367188,53.53253341549161,0.9999822378158569
Okaramine D,3.902,CC1(C=CN2C(=CC3=C1NC4=CC=CC=C43)C(=O)N5C67C(C(N6C8=CC=CC=C8C7(C(C5(C2=O)O)OC)O)(C)C)CO)C,VIKRIYAAOWJXCT-UHFFFAOYSA-N,0390,234.12,239.304,5,0.02166282218433456,0,754.942626953125,68.98837187868361,0.999984860420227
P-OCTOPAMINE,0.646666667,C1=CC(=CC=C1C(CN)O)O,QHGUCRYDKWKLMG-UHFFFAOYSA-N,0193,38.80000002,38.80000002,1,0.0,0,573.7999877929688,93.23806189518442,0.9999510049819946
Feruloyl putrescine (isomer of 1178),2.7,COC1=C(C=CC(=C1)C=CC(=O)NCCCCN)O,SFUVCMKSYKHYLD-UHFFFAOYSA-N,0219,162.0,162.0,1,0.0,0,635.08544921875,74.49162152915262,0.999981164932251
2-Chlorobenzothiazole,13.529289,C1=CC=C2C(=C1)N=C(S2)Cl,BSQLQMLFTHJVKS-UHFFFAOYSA-N,0262,811.75734,811.75734,1,0.0,0,837.9635009765625,3.1273630588947903,0.024506714195013046
ASPARTATE,0.523333333,C(C(C(=O)O)N)C(=O)O,CKLJMWTZIZZHCS-UHFFFAOYSA-N,0195,31.399999979999997,31.399999979999997,2,0.0,0,634.17236328125,95.04866471671293,0.9999585151672363
S-ADENOSYLMETHIONINE,0.493333333,C[S+](CCC(C(=O)[O-])N)CC1C(C(C(O1)N2C=NC3=C(N=CN=C32)N)O)O,MEFKEPWMEQBLKI-UHFFFAOYSA-N,0195,29.59999998,29.59999998,1,0.0,0,644.2853393554688,95.40576229631247,0.9999704360961914
Isovaleryl-L-carnitine,2.781,CC(C)CC(=O)OC(CC(=O)[O-])C[N+](C)(C)C,IGQBPDJNUXPEMT-UHFFFAOYSA-N,0345,166.86,166.86,1,0.0,0,703.6593627929688,76.28682160389391,0.9999693632125854
Theviridoside,1.1169,COC(=O)C1=COC(C2C1(CC=C2CO)O)OC3C(C(C(C(O3)CO)O)O)O,LDBMLOLBWUOZGG-UHFFFAOYSA-N,0390,67.014,67.014,1,0.0,0,690.9130249023438,90.30066049059184,0.9999798536300659
6-CARBOXYHEXANOATE,4.143333333,C(CCC(=O)O)CCC(=O)O,WLJVNTCWHIRURA-UHFFFAOYSA-N,0202,248.59999998,248.59999998,1,0.0,0,651.453369140625,61.839171956705876,0.9999598264694214
Uprosertib (GSK2141795),5.68,CN1C(=C(C=N1)Cl)C2=C(OC(=C2)C(=O)NC(CC3=CC(=C(C=C3)F)F)CN)Cl,AXTAPYRUEKNRBA-UHFFFAOYSA-N,0064,340.79999999999995,340.79999999999995,1,0.0,0,750.005615234375,54.560340205786225,0.9999855756759644
carvedilol,2.9514,COC1=CC=CC=C1OCCNCC(COC2=CC=CC3=C2C4=CC=CC=C4N3)O,OGHNVEJMJSYVRP-UHFFFAOYSA-N,0391,177.084,177.207,4,0.0006941035060691195,0,743.3406982421875,76.17727639307805,0.9999808073043823
NCGC00384581-01,3.8772,CC(C)CC(=O)OC1CC(=CCCC(=CC2C1C(=C)C(=O)O2)COC(=O)C)C=O,SLDSEAYVUCFJOD-UHFFFAOYSA-N,0390,232.632,242.32200000000003,3,0.039988114987496076,0,812.5550537109375,71.37030913320025,0.9999819993972778
2-Arachidonoyl glycerol,12.147,CCCCCC=CCC=CCC=CCC=CCCCC(=O)OC(CO)CO,RCRCTBLIHCHWDZ-UHFFFAOYSA-N,0212,728.82,728.82,1,0.0,0,1118.8463134765625,34.85968615874004,0.9999030828475952
,0.84720003,C(=S)(N)N,UMGDCJDMYOKAJW-UHFFFAOYSA-N,0400,50.8320018,50.8320018,1,0.0,0,600.8692626953125,91.54025593321525,0.9999382495880127
HMDB0060898,2.8643,C[N+]1(CCCC1CC2=CNC3=C2C=C(C=C3)CCS(=O)(=O)C4=CC=CC=C4)[O-],QXXCIRSBRHOOJE-UHFFFAOYSA-N,0024,171.858,171.858,1,0.0,0,895.41357421875,80.80685786454083,0.9999819993972778
,4.85,C1=CC(=C(C=C1C2=CC(=O)C3=C(C(=C(C=C3O2)OC4C(C(C(C(O4)CO)O)O)O)O)O)O)O,HYPKUHLLPBGDLF-UHFFFAOYSA-N,0397,291.0,291.0,1,0.0,0,645.5111083984375,54.91944348998218,0.9999855756759644
QUINATE,0.74,C1C(C(C(CC1(C(=O)O)O)O)O)O,AAWZDTNXLSGCEK-UHFFFAOYSA-N,0198,44.4,44.4,1,0.0,0,659.0556640625,93.26308801804191,0.9999668598175049
Triclosan,27.0,C1=CC(=C(C=C1Cl)O)OC2=C(C=C(C=C2)Cl)Cl,XEFQLINVKFYRCS-UHFFFAOYSA-N,0017,1620.0,1620.0,1,0.0,0,1086.2999267578125,49.13008461991496,0.9999566078186035
Cycluron,5.273,CN(C)C(=O)NC1CCCCCCC1,DQZCVNGCTZLGAQ-UHFFFAOYSA-N,0320,316.38,316.38,1,0.0,0,796.143310546875,60.260923403014345,0.9999637603759766
DMST (N.N-Dimethyl-N'-p-tolylsulphamide),7.23,CC1=CC=C(C=C1)NS(=O)(=O)N(C)C,UDCDOJQOXWCCSD-UHFFFAOYSA-N,0383,433.8,434.4,2,0.0013812154696131813,0,711.6526489257812,39.04329581927246,0.9999707937240601
trans-2-Dodecenoyl-L-carnitine,4.208,CCCCCCCCCC=CC(=O)OC(CC(=O)[O-])C[N+](C)(C)C,OWRLUKFWNGLGIE-UHFFFAOYSA-N,0251,252.48000000000002,252.48000000000002,1,0.0,0,866.2197265625,70.85266102147779,0.9999834299087524
"5-undecylbenzene-1,3-diol",5.7995,CCCCCCCCCCCC1=CC(=CC(=C1)O)O,SXRLJXDYAKBNRZ-UHFFFAOYSA-N,0390,347.97,347.97,1,0.0,0,968.5928344726562,64.07468777224126,0.9999791383743286
Raloxifene,11.418275,C1CCN(CC1)CCOC2=CC=C(C=C2)C(=O)C3=C(SC4=C3C=CC(=C4)O)C5=CC=C(C=C5)O,GZUITABIAKMVPG-UHFFFAOYSA-N,0262,685.0965,684.164445,2,0.0013623259829001948,0,964.5713500976562,28.973994517809526,0.999904990196228
"trans,trans-Muconic acid",1.819,C(=CC(=O)O)C=CC(=O)O,TXXHDPDFNKHHGW-UHFFFAOYSA-N,0258,109.14,109.14,1,0.0,0,624.2743530273438,82.5173019729645,0.999961256980896
,10.185,CCCCCC=CC=CC(=O)CCCCCCCC(=O)O,LUZSWWYKKLTDHU-UHFFFAOYSA-N,0429,611.1,611.1,1,0.0,0,1094.8150634765625,44.18235367903464,0.9998985528945923
NCGC00347533-02,3.7952,CC(C)C(=O)OC1C(C(C2(C3CCC4(C(C35C(C1(C2=O)O)O5)CC(=O)OC4C6=COC=C6)C)C)C(C(=O)OC)O)(C)C,ADDLXGZBTXNVDS-UHFFFAOYSA-N,0390,227.712,227.712,1,0.0,0,750.1150512695312,69.64305680647134,0.999985933303833
(R)-baclofen,3.69,C1=CC(=CC=C1C(CC(=O)O)CN)Cl,KPYSYYIEGFHWSV-UHFFFAOYSA-N,0063,221.4,221.4,1,0.0,0,688.2278442382812,67.83042100758918,0.9999563694000244
Cumyl-PINACA,12.46,CCCCCN1C2=CC=CC=C2C(=N1)C(=O)NC(C)(C)C3=CC=CC=C3,LCBASRYREGWIJT-UHFFFAOYSA-N,0382,747.6,747.6,1,0.0,0,915.8547973632812,18.371339850780036,0.8631657361984253
ETP-46464,3.7983,CC(C)(C#N)C1=CC=C(C=C1)N2C3=C4C=C(C=CC4=NC=C3COC2=O)C5=CC6=CC=CC=C6N=C5,DPLMXAYKJZOTKO-UHFFFAOYSA-N,0391,227.898,227.898,1,0.0,0,1105.85693359375,79.39172843458238,0.9999868869781494
TAGATOSE,0.628,C(C(C(C(C(=O)CO)O)O)O)O,BJHIKXHVCXFQLS-UHFFFAOYSA-N,0237,37.68,37.68,1,0.0,0,710.2021484375,94.69446831681671,0.9999651908874512
Simvastatin,20.758,CCC(C)(C)C(=O)OC1CC(C=C2C1C(C(C=C2)C)CCC3CC(CC(=O)O3)O)C,RYMZZMVNJRMUDD-UHFFFAOYSA-N,0275,1245.48,1245.48,1,0.0,0,906.251953125,37.43197967245761,0.9999392032623291
2-HYDROXYPYRIDINE,4.15,C1=CC(=O)NC=C1,UBQKCCHYAOITMY-UHFFFAOYSA-N,0094,249.00000000000003,249.00000000000003,1,0.0,0,641.687255859375,61.19605029921803,0.9999496936798096
2-OXOADIPATE,1.46,C(CC(=O)C(=O)O)CC(=O)O,FGSBNBBHOZHUBO-UHFFFAOYSA-N,0149,87.6,87.6,1,0.0,0,616.9412841796875,85.8009178107643,0.9999551773071289
KY-226,5.9511,CCCCCCS(=O)(=O)NC(=O)C1=CC=C(C=C1)CSCC2=CC=C(C=C2)C3=CC=CC=C3,MKXMABKUVSOEJF-UHFFFAOYSA-N,0391,357.06600000000003,357.06600000000003,1,0.0,0,1086.883056640625,67.14770758285333,0.9999831914901733
Metsulfuron-methyl,4.505,CC1=NC(=NC(=N1)OC)NC(=O)NS(=O)(=O)C2=CC=CC=C2C(=O)OC,RSMUVYRMZCOLBH-UHFFFAOYSA-N,0243,270.3,270.3,1,0.0,0,719.4583740234375,62.43007104241522,0.9999821186065674
,7.36,C1=CC=C2C(=C1)C=CC3=CC=CC=C3N2C(=O)N,FFGPTBGBLSHEPO-UHFFFAOYSA-N,0436,441.6,441.6,1,0.0,0,863.1775512695312,48.840189443005066,0.9999681711196899
Paliperidone Palmitate,6.0141,CCCCCCCCCCCCCCCC(=O)OC1CCCN2C1=NC(=C(C2=O)CCN3CCC(CC3)C4=NOC5=C4C=CC(=C5)F)C,VOMKSBFLAZZBOW-UHFFFAOYSA-N,0391,360.846,360.846,1,0.0,0,1044.9376220703125,65.46722097295496,0.9999899864196777
BL-918,5.3924,C1=CC=C(C=C1)C(C(=O)NC2=C(C=C(C=C2)F)F)NC(=S)NC3=CC(=CC(=C3)C(F)(F)F)C(F)(F)F,BDBWQANRZRCMMD-UHFFFAOYSA-N,0391,323.54400000000004,323.54400000000004,2,0.0,0,1057.794921875,69.41335288067933,0.9999809265136719
Bergaptol,9.43,C1=CC(=O)OC2=CC3=C(C=CO3)C(=C21)O,GIJHDGJRTUSBJR-UHFFFAOYSA-N,0031,565.8,565.8,1,0.0,0,711.9353637695312,20.526493163056085,0.9999097585678101
N-ACETYLTRYPTOPHAN,5.546666667,CC(=O)NC(CC1=CNC2=CC=CC=C21)C(=O)O,DZTHIGRZJZPRDV-UHFFFAOYSA-N,0203,332.80000002,332.80000002,1,0.0,0,646.3565673828125,48.51139188272606,0.9999681711196899
Azelaic acid,4.475,C(CCCC(=O)O)CCCC(=O)O,BDJRBEYXGGNYIS-UHFFFAOYSA-N,0321,268.5,268.5,1,0.0,0,684.879638671875,60.79603117991977,0.9999642372131348
Glutaric Acid,2.2,C(CC(=O)O)CC(=O)O,JFCQEDHGNNZCLN-UHFFFAOYSA-N,0011,132.0,132.0,1,0.0,0,623.94384765625,78.84425008823504,0.999961256980896
,6.069999999999999,CC(C(=NOC(=O)NC)C)SC,SFNPDDSJBGRXLW-UHFFFAOYSA-N,0436,364.2,364.2,1,0.0,0,657.833740234375,44.636466978686485,0.9999573230743408
Glimepiride,14.289746,CCC1=C(CN(C1=O)C(=O)NCCC2=CC=C(C=C2)S(=O)(=O)NC(=O)NC3CCC(CC3)C)C,WIGIZIANZCJQQY-UHFFFAOYSA-N,0263,857.3847599999999,859.19919,2,0.002111768750620132,0,896.7595825195312,4.3907891576585145,0.02210257761180401
TRANS-CINNAMATE,7.163333333,C1=CC=C(C=C1)C=CC(=O)O,WBYWAXJHAXSJNI-UHFFFAOYSA-N,0204,429.79999998,429.79999998,1,0.0,0,747.7491455078125,42.520830339683826,0.9999289512634277
α-Ketoglutaric acid,0.798,C(CC(=O)O)C(=O)C(=O)O,KPGXRSRHYNQIFN-UHFFFAOYSA-N,0239,47.88,47.88,1,0.0,0,614.7084350585938,92.2109414367421,0.999954342842102
CP-724714,1.9306,CC1=NC=C(C=C1)OC2=C(C=C(C=C2)NC3=NC=NC4=C3C=C(C=C4)C=CCNC(=O)COC)C,LLVZBTWPGQVVLW-UHFFFAOYSA-N,0391,115.83600000000001,123.16799999999999,3,0.05952844894777848,0,815.4495849609375,85.79482997645417,0.9999890327453613
daidzin,5.24,C1=CC(=CC=C1C2=COC3=C(C2=O)C=CC(=C3)OC4C(C(C(C(O4)CO)O)O)O)O,KYQZWONCHDNPDP-UHFFFAOYSA-N,0048,314.40000000000003,314.40000000000003,1,0.0,0,656.016357421875,52.07436576191746,0.9999827146530151
DAMP,0.88,C1C(C(OC1N2C=NC3=C(N=CN=C32)N)COP(=O)(O)O)O,KHWCHTKSEGGWEX-UHFFFAOYSA-N,0157,52.8,52.8,1,0.0,0,585.8424072265625,90.98733731995256,0.999983549118042
Foramsulfron,4.166,CN(C)C(=O)C1=C(C=C(C=C1)NC=O)S(=O)(=O)NC(=O)NC2=NC(=CC(=N2)OC)OC,PXDNXJSDGQBLKS-UHFFFAOYSA-N,0241,249.96000000000004,249.96000000000004,1,0.0,0,674.2156372070312,62.92580797510562,0.9999808073043823
indole-3-propionic acid,7.07,C1=CC=C2C(=C1)C(=CN2)CCC(=O)O,GOLXRNDWAUTYKT-UHFFFAOYSA-N,0211,424.20000000000005,424.20000000000005,1,0.0,0,694.9122314453125,38.95631983369639,0.9999467134475708
Melperone,5.21,CC1CCN(CC1)CCCC(=O)C2=CC=C(C=C2)F,DKMFBWQBDIGMHM-UHFFFAOYSA-N,0383,312.6,312.6,1,0.0,0,746.0922241210938,58.10169441609624,0.9999663829803467
METHYLSUCCINIC ACID,3.750896,CC(CC(=O)O)C(=O)O,WXUAQHNMJWJLTG-UHFFFAOYSA-N,0392,225.05376,225.05376,1,0.0,0,628.8247680664062,64.2104173644392,0.9999653100967407
N-ACETYL-D-TRYPTOPHAN,13.97,CC(=O)NC(CC1=CNC2=CC=CC=C21)C(=O)O,DZTHIGRZJZPRDV-UHFFFAOYSA-N,0142,838.2,838.2,1,0.0,0,646.3565673828125,29.680743152960947,0.9998683929443359
L-Dihydroorotic acid,0.601,C1C(NC(=O)NC1=O)C(=O)O,UFIVEPVSAGBUSI-UHFFFAOYSA-N,0316,36.06,36.06,1,0.0,0,665.3489990234375,94.5802879311569,0.999962329864502
melibiose,1.4,C(C1C(C(C(C(O1)OCC2C(C(C(C(O2)O)O)O)O)O)O)O)O,DLRVVLDZNNYCBX-UHFFFAOYSA-N,0002,84.0,84.0,1,0.0,0,723.7473754882812,88.39374029600745,0.9999868869781494
Glycocholic acid hydrate,4.087,CC(CCC(=O)NCC(=O)O)C1CCC2C1(C(CC3C2C(CC4C3(CCC(C4)O)C)O)O)C,RFDAIACWWDREDC-UHFFFAOYSA-N,0317,245.21999999999997,245.15999999999997,2,0.00024473813020069456,0,695.15283203125,64.72430396586857,0.999972939491272
DEOXYCYTIDINE,0.753333333,C1C(C(OC1N2C=CC(=NC2=O)N)CO)O,CKTSBUTUHBMZGZ-UHFFFAOYSA-N,0197,45.19999998,45.19999998,1,0.0,0,648.3065795898438,93.02798993516367,0.9999774694442749
N-ACETYL-DL-METHIONINE,11.95,CC(=O)NC(CCSC)C(=O)O,XUYPXLNMDZIRQH-UHFFFAOYSA-N,0124,717.0,717.0,1,0.0,0,574.0935668945312,24.892533438146433,0.9999300241470337
Promecarb,5.59,CC1=CC(=CC(=C1)OC(=O)NC)C(C)C,DTAPQAJKAFRNJB-UHFFFAOYSA-N,0320,335.4,335.4,1,0.0,0,801.245849609375,58.14018878681059,0.9999438524246216
1043854-13-2,5.72,C1CN(CCN1C2=CC=CC=C2Cl)C3=NC(=NC(=C3)C4=CC=CC=C4)SCC5=CC=C(C=C5)C(=O)O,RSHUJZXWKLIBRE-UHFFFAOYSA-N,0391,343.2,343.2,1,0.0,0,956.2824096679688,64.11102028749409,0.9999912977218628
SUCCINATE,1.24,C(CC(=O)O)C(=O)O,KDYFGRWQOYBRFD-UHFFFAOYSA-N,0189,74.4,74.4,1,0.0,0,620.8521118164062,88.0164698510358,0.999957799911499
NORVALINE,0.558,CCCC(C(=O)O)N,SNDPXSYFESPGGJ-UHFFFAOYSA-N,0318,33.480000000000004,33.480000000000004,1,0.0,0,608.8997802734375,94.50155820634963,0.9999570846557617
3-4 DIHYDROXYMANDELATE,0.91,C1=CC(=C(C=C1C(C(=O)O)O)O)O,RGHMISIYKIHAJW-UHFFFAOYSA-N,0048,54.6,54.6,1,0.0,0,625.56396484375,91.27187576834966,0.9999532699584961
MEGxp0_000121,3.2553,CC12CCCC(C1CCC34C2=CCC(C3)C(C4)(CO)O)(C)C(=O)O,QSJIZGQGHYROGD-UHFFFAOYSA-N,0390,195.318,189.24900000000002,2,0.03206886165844992,0,692.140625,71.78059010768224,0.9999867677688599
NCGC00380906-01,4.3479,CCC(C)(C(=O)OC1C(CC2C(C(CC(C2(C13CO3)COC(=O)C)OC(=O)C)C)(C)C4CC5C=COC5O4)OC(=O)C)OC(=O)C,FZLSSDKLGAXMGB-UHFFFAOYSA-N,0390,260.874,276.174,4,0.055399856612135666,0,829.2379760742188,68.54051460172741,0.9999866485595703
N-ACETYLPHENYLALANINE,3.206,CC(=O)NC(CC1=CC=CC=C1)C(=O)O,CBQJSKKFNMDLON-UHFFFAOYSA-N,0346,192.35999999999999,192.35999999999999,1,0.0,0,622.2874145507812,69.08823872987028,0.9999423027038574
CREATININE,0.541,CN1CC(=O)NC1=N,DDRJAANPRJIHGJ-UHFFFAOYSA-N,0314,32.46,32.46,1,0.0,0,630.0079345703125,94.84768393875247,0.9999622106552124
GALACTOSE,0.534,C(C1C(C(C(C(O1)O)O)O)O)O,WQZGKKKJIJFFOK-UHFFFAOYSA-N,0245,32.04,32.04,4,0.0,0,715.1072387695312,95.51955311553965,0.9999785423278809
Epertinib,3.2216,CC#CC(=NOCC1COCCN1)C2=CC3=C(C=C2)N=CN=C3NC4=CC(=C(C=C4)OCC5=CC(=CC=C5)F)Cl,IBCIAMOTBDGBJN-UHFFFAOYSA-N,0391,193.296,195.438,2,0.01095999754397812,0,887.39990234375,78.217712274987,0.9999842643737793
73573-88-3,4.8338,CCC(C)C(=O)OC1CCC=C2C1C(C(C=C2)C)CCC3CC(CC(=O)O3)O,AJLFOPYRIVGYMJ-UHFFFAOYSA-N,0391,290.028,290.028,1,0.0,0,921.35546875,68.52159564500333,0.9999812841415405
Ferulic acid,14.41,COC1=C(C=CC(=C1)C=CC(=O)O)O,KSEBMYQBYZTDHS-UHFFFAOYSA-N,0028,864.6,864.6,1,0.0,0,651.3421630859375,32.74129159759699,0.9998482465744019
,15.726,COC1=CC=C(C=C1)C(=O)C=CC2=CC=CC=C2,KJHHAPASNNVTSN-UHFFFAOYSA-N,0437,943.5600000000001,943.5600000000001,1,0.0,0,959.4342041015625,1.6545380635483422,0.023022808134555817
,0.91947039,C(C(=O)O)NC=O,UGJBHEZMOKVTIM-UHFFFAOYSA-N,0400,55.168223399999995,55.168223399999995,1,0.0,0,613.3776245117188,91.00583047125059,0.9999545812606812
,26,CC(=CCC1=C(C=CC2=C1OC(=O)C=C2)OC)C,MBRLOUHOWLUMFF-UHFFFAOYSA-N,0413,1560.0,1560.0,1,0.0,0,891.207275390625,75.04345432057167,0.9999607801437378
DETHIOBIOTIN,13.83,CC1C(NC(=O)N1)CCCCCC(=O)O,AUTOLBMXDDTRRT-UHFFFAOYSA-N,0078,829.8,829.8,1,0.0,0,683.6497192382812,21.37794789480182,0.9998902082443237
Secbumeton,4.563,CCC(C)NC1=NC(=NC(=N1)NCC)OC,ZJMZZNVGNSWOOM-UHFFFAOYSA-N,0320,273.78,273.78,1,0.0,0,677.72802734375,59.60326429570306,0.9999758005142212
"(3ALPHA,5BETA,7ALPHA)-3,7-DIHYDROXY-12-OXOCHOLAN-24-OIC ACID",5.905,CC(CCC(=O)O)C1CCC2C1(C(=O)CC3C2C(CC4C3(CCC(C4)O)C)O)C,MIHNUBCEFJLAGN-UHFFFAOYSA-N,0319,354.3,354.3,1,0.0,0,774.4586181640625,54.251913312049346,0.9999860525131226
Prometryn,13.17,CC(C)NC1=NC(N=C(N1)NC(C)C)SC,WEKCLDMGKKPBDM-UHFFFAOYSA-N,0286,790.2,790.2,1,0.0,0,596.4922485351562,32.474479247726045,0.9999076128005981
PYRIDOXAMINE,0.537,CC1=NC=C(C(=C1O)CN)CO,NHZMQXZHNVQTQA-UHFFFAOYSA-N,0356,32.22,32.22,1,0.0,0,579.6666870117188,94.44163331757089,0.999956488609314
"N,N-Dimethyldodecylamine",10.398,CCCCCCCCCCCCN(C)C,YWFWDNVOPHGWMX-UHFFFAOYSA-N,0382,623.88,623.88,1,0.0,0,956.4904174804688,34.77404597074916,0.9999325275421143
L-GLUTAMINE,2.11,C(CC(=O)N)C(C(=O)O)N,ZDXPYRJPNDTMRX-UHFFFAOYSA-N,0124,126.6,126.6,1,0.0,0,606.6796264648438,79.13231391373643,0.9999632835388184
N-METHYLGLUTAMATE,0.53,CNC(CCC(=O)O)C(=O)O,XLBVNMSMFQMKEY-UHFFFAOYSA-N,0195,31.8,31.8,1,0.0,0,597.3380737304688,94.67638153359219,0.9999526739120483
tioconazole,3.7,C1=CC(=C(C=C1Cl)Cl)C(CN2C=CN=C2)OCC3=C(SC=C3)Cl,QXHHHPZILQDDPS-UHFFFAOYSA-N,0391,222.0,222.0,1,0.0,0,996.6708984375,77.72584708271972,0.9999872446060181
Hordenine,3.0408967,CN(C)CCC1=CC=C(C=C1)O,KUBCEEMXQZUPDQ-UHFFFAOYSA-N,0262,182.453802,182.453802,1,0.0,0,618.4662475585938,70.49898798515852,0.999958872795105
Allocholic Acid,6.461,CC(CCC(=O)O)C1CCC2C1(C(CC3C2C(CC4C3(CCC(C4)O)C)O)O)C,BHQCQFFYRZLCQQ-UHFFFAOYSA-N,0351,387.66,387.66,3,0.0,0,739.47216796875,47.57612026631644,0.9999845027923584
CITICOLINE,0.68,C[N+](C)(C)CCOP(=O)(O)OP(=O)([O-])OCC1C(C(C(O1)N2C=CC(=NC2=O)N)O)O,RZZPDXZPRHQOCG-UHFFFAOYSA-N,0188,40.800000000000004,40.800000000000004,1,0.0,0,768.1297607421875,94.68839744464816,0.9999854564666748
Methocarbamol,5.21,COC1=CC=CC=C1OCC(COC(=O)N)O,GNXFOGHNGIVQEH-UHFFFAOYSA-N,0383,312.6,312.6,1,0.0,0,600.760498046875,47.96595298520958,0.999966025352478
Picoxystrobin,5.9,COC=C(C1=CC=CC=C1COC2=CC=CC(=N2)C(F)(F)F)C(=O)OC,IBSNKSODLGJUMQ-UHFFFAOYSA-N,0320,354.0,354.0,1,0.0,0,930.3093872070312,61.948142750362166,0.9999740123748779
Metazachlor-N-dealkylation,10.19,CC1=C(C(=CC=C1)C)NC(=O)CCl,FPQQSNUTBWFFLB-UHFFFAOYSA-N,0262,611.4,611.4,1,0.0,0,764.8478393554688,20.062531585992065,0.999923586845398
Grapiprant,2.6133,CCC1=NC2=C(N1C3=CC=C(C=C3)CCNC(=O)NS(=O)(=O)C4=CC=C(C=C4)C)C=C(N=C2C)C,HZVLFTCYCLXTGV-UHFFFAOYSA-N,0391,156.798,158.985,2,0.01375601471836973,0,952.1149291992188,83.53160997781268,0.9999874830245972
PORPHOBILINOGEN,3.514875,C1=C(C(=C(N1)CN)CC(=O)O)CCC(=O)O,QSHWIQZFGQKFMA-UHFFFAOYSA-N,0392,210.89249999999998,210.89249999999998,1,0.0,0,627.7659301757812,66.40587042674524,0.9999665021896362
Tramadol-O-Desmethyl,3.479,CN(C)CC1CCCCC1(C2=CC(=CC=C2)O)O,UWJUQVWARXYRCG-UHFFFAOYSA-N,0387,208.74,208.74,1,0.0,0,636.4852294921875,67.2042664420444,0.9999785423278809
N-(2-Methylbutyryl)glycine,2.798,CCC(C)C(=O)NCC(=O)O,HOACIBQKYRHBOW-UHFFFAOYSA-N,0243,167.88,167.88,1,0.0,0,645.5903930664062,73.99589557047022,0.9999527931213379
2-Furanacetic acid,1.553,C1=COC(=C1)CC(=O)O,VYSRZETUSAOIMP-UHFFFAOYSA-N,0350,93.17999999999999,93.17999999999999,1,0.0,0,630.285400390625,85.21622110519284,0.9999353885650635
THIAMINE,1.29,CC1=C(SC=[N+]1CC2=CN=C(N=C2N)C)CCO,JZRWCGZRTZMZEH-UHFFFAOYSA-N,0094,77.4,77.4,1,0.0,0,635.0780639648438,87.81252189427147,0.9999656677246094
XANTHURENIC ACID,12.07,C1=CC2=C(C(=C1)O)NC(=CC2=O)C(=O)O,FBZONXHGGPHHIY-UHFFFAOYSA-N,0151,724.2,724.2,1,0.0,0,574.8648071289062,25.977445656645887,0.9998912811279297
732983-37-8,1.4408,COC1=C(C=C(C=C1)C2=CC3=NC=CN3C(=N2)NC4=C(C=CC=N4)C(=O)N)OC,JWQOJVOKBAAAAR-UHFFFAOYSA-N,0391,86.44800000000001,110.41499999999999,4,0.21706289906262724,0,715.6068115234375,87.91962309358641,0.9999823570251465
"3,4-DIHYDROXYBENZALDEHYDE",3.49192,C1=CC(=C(C=C1C=O)O)O,IBGBGRVKPALMCQ-UHFFFAOYSA-N,0392,209.5152,209.5152,1,0.0,0,623.012451171875,66.3706239568879,0.9999490976333618
HISTIDINE,0.536,C1=C(NC=N1)CC(C(=O)O)N,HNDVDQJCIGZPNO-UHFFFAOYSA-N,0343,32.160000000000004,32.160000000000004,1,0.0,0,565.668701171875,94.31469340032862,0.9999537467956543
Chlorphenoxamine,3.3022,CC(C1=CC=CC=C1)(C2=CC=C(C=C2)Cl)OCCN(C)C,KKHPNPMTPORSQE-UHFFFAOYSA-N,0391,198.132,198.132,1,0.0,0,924.3135375976562,78.56441651661227,0.9999737739562988
T-CA TauroCholic Acid,9.4,CC(CCC(=O)NCCS(=O)(=O)O)C1CCC2C1(C(CC3C2C(CC4C3(CCC(C4)O)C)O)O)C,WBWWGRHZICKQGZ-UHFFFAOYSA-N,0011,564.0,564.9,2,0.0015932023366967204,0,689.537353515625,18.20602653004502,0.8623072504997253
hydrocortisone hemisuccinate,3.1468,CC12CCC(=O)C=C1CCC3C2C(CC4(C3CCC4(C(=O)COC(=O)CCC(=O)O)O)C)O,VWQWXZAWFPZJDA-UHFFFAOYSA-N,0391,188.808,188.808,1,0.0,0,704.2354736328125,73.18964933333588,0.9999797344207764
bicyclol,3.1783,COC1=C2C(=C(C(=C1)CO)C3=C4C(=C(C=C3C(=O)OC)OC)OCO4)OCO2,KXMTXZACPVCDMH-UHFFFAOYSA-N,0391,190.698,190.698,1,0.0,0,742.7284545898438,74.3246675387832,0.9999840259552002
"7,12α-dihydroxy-5β-cholanic acid",5.885,CC(CCC(=O)O)C1CCC2C1(C(CC3C2C(CC4C3(CCCC4)C)O)O)C,ZHCAAZIHTDCFJX-UHFFFAOYSA-N,0244,353.09999999999997,353.09999999999997,1,0.0,0,823.115234375,57.10199674920213,0.9999856948852539
6508-43-6,4.0039,CC1(CC(=O)C(C(=O)C1)C2C3=CC=CC=C3OC4=C2C(=O)CC(C4)(C)C)C,XQDXIHYKAGHZRX-UHFFFAOYSA-N,0391,240.23399999999998,277.92600000000004,5,0.13561883379028972,0,965.8896484375,75.12821465799726,0.9999783039093018
Sulfentrazone,4.55,CC1=NN(C(=O)N1C(F)F)C2=C(C=C(C(=C2)NS(=O)(=O)C)Cl)Cl,OORLZFUTLGXMEF-UHFFFAOYSA-N,0252,273.0,273.0,1,0.0,0,860.424072265625,68.27145952795692,0.9999819993972778
para-iodoHoechst 33258,2.2625,CN1CCN(CC1)C2=CC3=C(C=C2)N=C(N3)C4=CC5=C(C=C4)N=C(N5)C6=CC=C(C=C6)I,WSBVZEKIZWIJQO-UHFFFAOYSA-N,0391,135.75,135.75,1,0.0,0,790.394775390625,82.82503829394491,0.9999887943267822
,2.37,CC(CC1=CC=CC=C1)N,KWTSXDURSIMDCE-UHFFFAOYSA-N,0396,142.20000000000002,142.20000000000002,1,0.0,0,647.9564208984375,78.05407965510555,0.9999423027038574
"5,7-DIHYDROXY-2-(4-HYDROXYPHENYL)-6-METHOXY-4H-CHROMEN-4-ONE",6.081295,COC1=C(C2=C(C=C1O)OC(=CC2=O)C3=CC=C(C=C3)O)O,IHFBPDAQLQOCBX-UHFFFAOYSA-N,0392,364.8777,364.8777,1,0.0,0,754.169677734375,51.61861968567331,0.9999825954437256
Sulfamethazine,6.85,CC1=CC(=NC(=N1)NS(=O)(=O)C2=CC=C(C=C2)N)C,ASWVTGNCAZCNNR-UHFFFAOYSA-N,0291,411.0,411.0,1,0.0,0,643.1697387695312,36.09773979940391,0.9999769926071167
N-ACETYL-DL-GLUTAMIC ACID,1.35,CC(=O)NC(CCC(=O)O)C(=O)O,RFMMMVDNIPUKGG-UHFFFAOYSA-N,0146,81.0,81.0,1,0.0,0,596.45166015625,86.41968739280887,0.9999690055847168
N-Valylphenylalanine,1.9585,CC(C)C(C(=O)NC(CC1=CC=CC=C1)C(=O)O)N,GJNDXQBALKCYSZ-UHFFFAOYSA-N,0390,117.50999999999999,114.702,2,0.0244808285818904,0,577.1572875976562,79.63986550544647,0.9999654293060303
Cabozantinib,3.3031,COC1=CC2=C(C=CN=C2C=C1OC)OC3=CC=C(C=C3)NC(=O)C4(CC4)C(=O)NC5=CC=C(C=C5)F,ONIQOQHATWINJY-UHFFFAOYSA-N,0391,198.186,198.297,2,0.0005597664109895258,0,794.7195434570312,75.06214593164646,0.9999885559082031
QUINOLINE,8.71,C1=CC=C2C(=C1)C=CC=N2,SMWDFEZZVXVKRB-UHFFFAOYSA-N,0197,522.6,522.6,1,0.0,0,646.4547729492188,19.159077808981998,0.764924168586731
NCGC00380647-01,1.4297,CCC(C)C(=O)OC1C(C(OC(C1O)OC2C(C(C(C(O2)CO)O)O)O)CO)O,SFAOCCXTEHOWEV-UHFFFAOYSA-N,0390,85.782,80.586,2,0.06447770084133718,0,720.7572021484375,88.09834993749621,0.9999843835830688
KYNURENATE,4.533333333,C1=CC=C2C(=C1)C(=O)C=C(N2)C(=O)O,HCZHHEIFKROPDY-UHFFFAOYSA-N,0190,271.99999998,271.99999998,1,0.0,0,643.2357177734375,57.713791000050676,0.9999197721481323
89915-39-9,1.6658,C1=CC=C2C(=C1)C3=C(N2)C(=NC=C3)CCC(=O)O,CNUHEVWYPKFJHH-UHFFFAOYSA-N,0390,99.948,99.77699999999999,2,0.0017138218226646071,0,676.863037109375,85.23364484093563,0.9999749660491943
CYSTATHIONINE,0.69,C(CSCC(C(=O)O)N)C(C(=O)O)N,ILRYLPWNYFXEMH-UHFFFAOYSA-N,0201,41.4,41.4,1,0.0,0,592.377197265625,93.01120971720388,0.9999598264694214
Beflubutamid,5.617,CCC(C(=O)NCC1=CC=CC=C1)OC2=CC(=C(C=C2)F)C(F)(F)F,FFQPZWRNXKPNPX-UHFFFAOYSA-N,0253,337.02,337.02,1,0.0,0,903.4405517578125,62.69594060790558,0.9999853372573853
Theophylline,4.33,CN1C2=C(C(=O)N(C1=O)C)NC=N2,ZFXYFBGIUFBOJW-UHFFFAOYSA-N,0384,259.8,259.8,1,0.0,0,632.0626831054688,58.89648179773197,0.9999366998672485
"3-(1,3-benzodioxol-5-yl)-7-[(2S,3R,4S,5S,6R)-6-[[(2S,3R,4R)-3,4-dihydroxy-4-(hydroxymethyl)oxolan-2-yl]oxymethyl]-3,4,5-trihydroxyoxan-2-yl]oxy-6-methoxychromen-4-one",2.2378,COC1=C(C=C2C(=C1)C(=O)C(=CO2)C3=CC4=C(C=C3)OCO4)OC5C(C(C(C(O5)COC6C(C(CO6)(CO)O)O)O)O)O,BCWKMSLBLIKZQX-UHFFFAOYSA-N,0390,134.268,134.268,1,0.0,0,689.3035278320312,80.52120806311638,0.9999865293502808
DTXSID10904222,1.7183,COC1=CC=C(C=C1)CCOC2C(C(C(C(O2)COC3C(C(C(CO3)O)O)O)O)O)O,LQUPEGJECBPTCO-UHFFFAOYSA-N,0390,103.098,103.098,1,0.0,0,733.271240234375,85.9399913233953,0.999984622001648
Phenytoin,7.08,C1=CC=C(C=C1)C2(C(=O)NC(=O)N2)C3=CC=CC=C3,CXOFVDLJLONNDW-UHFFFAOYSA-N,0383,424.8,460.2,2,0.07692307692307687,0,687.6383056640625,38.22333681807264,0.999967098236084
Fisetin,2.1949,C1=CC(=C(C=C1C2=C(C(=O)C3=C(O2)C=C(C=C3)O)O)O)O,XHEFDIBZLJXQHF-UHFFFAOYSA-N,0391,131.69400000000002,131.69400000000002,1,0.0,0,685.5971069335938,80.7913425147,0.9999723434448242
3-METHOXY-4-HYDROXYMANDELATE,1.982,COC1=C(C=CC(=C1)C(C(=O)O)O)O,CGQCWMIAEPEHNQ-UHFFFAOYSA-N,0353,118.92,119.1,2,0.0015113350125943964,0,635.1507568359375,81.27688604317957,0.9999690055847168
Cholic acid 7-​sulfate,4.375,CC(CCC(=O)O)C1CCC2C1(C(CC3C2C(CC4C3(CCC(C4)O)C)OS(=O)(=O)O)O)C,RRVLNNMINXAIKC-UHFFFAOYSA-N,0237,262.5,262.5,1,0.0,0,792.9998779296875,66.89785114654521,0.9999852180480957
Oxyfluorfen,12.08,CCOC1=C(C=CC(=C1)OC2=C(C=C(C=C2)C(F)(F)F)Cl)[N+](=O)[O-],OQMBBFQZGJFLBU-UHFFFAOYSA-N,0383,724.8,725.6999999999999,2,0.001240181893344326,0,1141.9656982421875,36.530492893466516,0.9998900890350342
MALATE,0.79,C(C(C(=O)O)O)C(=O)O,BJEPYKJPYRNKOW-UHFFFAOYSA-N,0200,47.400000000000006,47.400000000000006,2,0.0,0,627.7999267578125,92.44982390412328,0.9999569654464722
Valproic acid,10.234575,CCCC(CCC)C(=O)O,NIJJYAXOARWZEE-UHFFFAOYSA-N,0263,614.0745,614.0745,1,0.0,0,737.2960205078125,16.712625198077667,0.7148193717002869
Gabapentin-Lactam,11.427819,C1CCC2(CC1)CC(=O)NC2,JAWPQJDOQPSNIQ-UHFFFAOYSA-N,0263,685.66914,685.66914,1,0.0,0,695.70849609375,1.4430406053855607,0.03508714959025383
Gabapentin,5.358,C1CCC(CC1)(CC(=O)O)CN,UGJMXCAKCUNAIE-UHFFFAOYSA-N,0275,321.47999999999996,321.47999999999996,1,0.0,0,629.1563720703125,48.90300499665409,0.9999538660049438
,8.14,CC12CCC(CC1CCC3C2CC(C4(C3(CCC4C5=CC(=O)OC5)O)C)O)O,SHIBSTMRCDJXLN-UHFFFAOYSA-N,0414,488.40000000000003,488.40000000000003,1,0.0,0,690.151611328125,29.2329407070245,0.9999737739562988
DAMP,1.35,C1C(C(OC1N2C=NC3=C(N=CN=C32)N)COP(=O)(O)O)O,KHWCHTKSEGGWEX-UHFFFAOYSA-N,0148,81.0,81.0,1,0.0,0,585.8424072265625,86.1737561158363,0.999983549118042
NCGC00380902-01,5.6839,CC1C(C(C(C(O1)OC2C(OC(C(C2O)O)OCC3C(C(C(C(O3)OC(=O)C45CCC(CC4C6=CCC7C8(CCC(C(C8CCC7(C6(CC5)C)C)(C)C)OC9C(C(C(C(O9)CO)O)OC1C(C(C(C(O1)CO)O)O)O)O)C)(C)C)O)O)O)CO)O)O)OC1C(C(C(C(O1)CO)O)O)O,FYJIAYYWHNHDEL-UHFFFAOYSA-N,0390,341.03400000000005,256.04400000000004,2,0.3319351361484745,1,784.3350219726562,56.51934563086623,0.9999805688858032
54827-17-7,3.7668,CC1=CC(=CC(=C1N)C)C2=CC(=C(C(=C2)C)N)C,UAIUNKRWKOVEES-UHFFFAOYSA-N,0391,226.00799999999998,164.769,4,0.37166578664675987,1,903.4290771484375,74.98331571158121,0.9999717473983765
Etifoxine hydrochloride,4.4443,CCN=C1NC2=C(C=C(C=C2)Cl)C(O1)(C)C3=CC=CC=C3,IBYCYJFUEJQSMK-UHFFFAOYSA-N,0391,266.658,204.885,4,0.3015008419357202,1,869.587646484375,69.33512095324006,0.9999791383743286
Pirimicarb,11.0,CC1=C(N=C(N=C1OC(=O)N(C)C)N(C)C)C,YFGYUFNIOHWBOB-UHFFFAOYSA-N,0047,660.0,499.5,2,0.3213213213213213,1,719.8563842773438,8.315045276348135,0.3335878849029541
PRT062607,6.1554,C1CCC(C(C1)N)NC2=NC=C(C(=N2)NC3=CC(=CC=C3)N4N=CC=N4)C(=O)N,TXGKRVFSSHPBAJ-UHFFFAOYSA-N,0391,369.324,251.901,2,0.46614741505591484,1,612.0225219726562,39.65516190325745,0.9999853372573853
Dehydromelitensin,3.2289,CC1(CC(C2C(C1C(=C)CO)OC(=O)C2=C)O)C=C,GQBRDBUFLQZZBP-UHFFFAOYSA-N,0390,193.73399999999998,129.36599999999999,3,0.4975650480033394,1,651.38525390625,70.25815385930075,0.9999731779098511
Anthranilic acid,1.39,C1=CC=C(C(=C1)C(=O)O)N,RWZYAGGXGHYGMB-UHFFFAOYSA-N,0062,83.39999999999999,65.72999999999999,2,0.26882701962574174,1,664.6049194335938,87.4511912925536,0.9999476671218872
TARTRATE,6.457,C(C(C(=O)O)O)(C(=O)O)O,FEWJPZIEWOKRBE-UHFFFAOYSA-N,0243,387.42,214.65,2,0.8048916841369672,1,653.12353515625,40.681972223322866,0.9999719858169556
4-Hydroxyvertixanthone,5.0358,CC1=CC(=C2C(=C1)OC3=CC(=CC(=C3C2=O)C(=O)OC)O)O,MJOGVUMPZLEYIH-UHFFFAOYSA-N,0390,302.148,230.916,15,0.3084758093852311,1,795.3359985351562,62.01001833734499,0.9999802112579346
NBI-74330,7.162,CCOC1=CC=C(C=C1)N2C(=O)C3=C(N=CC=C3)N=C2C(C)N(CC4=CN=CC=C4)C(=O)CC5=CC(=C(C=C5)F)C(F)(F)F,XMRGQUDUVGRCBS-UHFFFAOYSA-N,0391,429.71999999999997,327.24,2,0.31316464979831304,1,958.4137573242188,55.16341489089963,0.9999861717224121
Gardenoside,0.6279,COC(=O)C1=COC(C2C1C=CC2(CO)O)OC3C(C(C(C(O3)CO)O)O)O,XJMPAUZQVRGFRE-UHFFFAOYSA-N,0390,37.674,53.055,4,0.2899067005937235,1,780.2850341796875,95.17176437459081,0.9999760389328003
"Cytidine,cell culture tested",0.34,C1=CN(C(=O)N=C1N)C2C(C(C(O2)CO)O)O,UHDGCWIWMRVCDJ-UHFFFAOYSA-N,0062,20.400000000000002,31.229999999999997,2,0.34678194044188265,1,666.85595703125,96.94086859614812,0.9999747276306152
MLS000120843,3.6724,CC(=CCC1(C(CCC2=C1N=C3C(=C2OC)C=CO3)O)OC)C,RNZIQNGNLJSLHV-UHFFFAOYSA-N,0390,220.344,162.438,2,0.35648062645440115,1,832.072509765625,73.51865403388153,0.999980092048645
1-Aminocyclopropane-1-carboxylic acid,0.18,C1CC1(C(=O)O)N,PAJPWUMXBYXFCZ-UHFFFAOYSA-N,0062,10.799999999999999,25.259999999999998,2,0.5724465558194775,1,646.1882934570312,98.3286605298556,0.9999517202377319
223568-55-6,3.087,CC(C)C(C(=O)NC(CC(=O)O)C(=O)CF)NC(=O)OCC1=CC=CC=C1,LYBWGROBJJXCJJ-UHFFFAOYSA-N,0391,185.22,133.068,3,0.3919199206420776,1,703.1264038085938,73.65765259322833,0.9999767541885376
NCGC00347653-02,2.0837,CC(=C)C1CC2=C(O1)C=CC3=C2OCC(C3)C4=C(C=C(C=C4)O)O,LBZMXGLPRHGPRE-UHFFFAOYSA-N,0390,125.02199999999999,193.356,2,0.35341028982808914,1,746.6851196289062,83.25639594075018,0.999984860420227
NCGC00385474-01,3.2329,CC=C1C[N+](C2CC3=C(C(=O)CC1C2C(=O)OC)NC4=CC=CC=C34)(C)[O-],SCBWVOFEDKLZRF-UHFFFAOYSA-N,0390,193.974,154.845,10,0.252697859149472,1,747.407958984375,74.0471053768836,0.9999727010726929
NCGC00385474-01,1.8741,CC=C1C[N+](C2CC3=C(C(=O)CC1C2C(=O)OC)NC4=CC=CC=C34)(C)[O-],SCBWVOFEDKLZRF-UHFFFAOYSA-N,0390,112.44600000000001,154.845,10,0.273815751235106,1,747.407958984375,84.95520436351805,0.9999727010726929
"NCGC00380474-01!5-hydroxy-2-(4-hydroxyphenyl)-7-[[(2R,3S)-3,5,8-trihydroxy-2-(4-hydroxyphenyl)-3,4-dihydro-2H-chromen-7-yl]oxy]chromen-4-one",2.2529,C1C(C(OC2=C1C(=CC(=C2O)OC3=CC(=C4C(=C3)OC(=CC4=O)C5=CC=C(C=C5)O)O)O)C6=CC=C(C=C6)O)O,JDRLMOFOBWKOPI-UHFFFAOYSA-N,0390,135.174,209.781,4,0.3556423126975274,1,861.6388549804688,84.31198880845919,0.999985933303833
,1.3,C(C1C(C(C(C(O1)O)O)O)O)OP(=O)(O)O,NBSCHQHZLSJFNQ-UHFFFAOYSA-N,0435,78.0,117.0,2,0.3333333333333333,1,690.4391479492188,88.70284220822646,0.9999806880950928
CYCLIC AMP,2.78,C1C2C(C(C(O2)N3C=NC4=C(N=CN=C43)N)O)OP(=O)(O1)O,IVOMOUWHDPKRLL-UHFFFAOYSA-N,0181,166.79999999999998,117.0,2,0.4256410256410255,1,586.8348999023438,71.576332623067,0.9999833106994629
6-PHOSPHOGLUCONATE,2.96,C(C(C(C(C(C(=O)O)O)O)O)O)OP(=O)(O)O,BIRSGZKFKXLSJQ-UHFFFAOYSA-N,0048,177.6,136.5,2,0.3010989010989011,1,694.1471557617188,74.41464702032647,0.9999816417694092
NCGC00385074-01,2.5367,CC1C(=O)OC2C1(C34C(=O)OC5C3(C2)C6(C(C5)C(C)(C)C)C(C(=O)OC6O4)O)O,FPUXKXIZEIDQKW-UHFFFAOYSA-N,0390,152.202,115.887,8,0.3133656061508193,1,710.4262084960938,78.57595930727311,0.9999825954437256
w/o MS2:Galactose; LC-ESI-ITFT; MS2; HCD; CE 12 eV; [M+NH4]+,1.451,C(C1C(C(C(C(O1)O)O)O)O)O,WQZGKKKJIJFFOK-UHFFFAOYSA-N,0062,87.06,226.02,2,0.6148128484204938,1,715.1072387695312,87.82560219222475,0.9999785423278809
w/o MS2:1-Aminocyclopropane-1-carboxylic acid; LC-ESI-QTOF; MS2; CE,0.662,C1CC1(C(=O)O)N,PAJPWUMXBYXFCZ-UHFFFAOYSA-N,0062,39.72,25.259999999999998,2,0.5724465558194776,1,646.1882934570312,93.85318483757997,0.9999517202377319
CHEBI:181621,3.353,CC1CCC2(C(C3C(O2)CC4C3(C(=O)CC5C4CCC6C5(CCC(C6)O)C)C)C)OC1,QOLRLLFJMZLYQJ-UHFFFAOYSA-N,0390,201.18,324.75,5,0.3805080831408776,1,915.3922119140625,78.02253532621414,0.9999828338623047
(+)-GALLOCATECHIN,0.9664283,C1C(C(OC2=CC(=CC(=C21)O)O)C3=CC(=C(C(=C3)O)O)O)O,XMOCLSLCDHWDHP-UHFFFAOYSA-N,0392,57.985698,130.749969,2,0.5565146329021309,1,674.354736328125,91.40130633385431,0.9999817609786987
NCGC00385474-01,1.7684,CC=C1C[N+](C2CC3=C(C(=O)CC1C2C(=O)OC)NC4=CC=CC=C34)(C)[O-],SCBWVOFEDKLZRF-UHFFFAOYSA-N,0390,106.104,154.845,10,0.3147728373534825,1,747.407958984375,85.80373693850132,0.9999727010726929
MEGxp0_001357,2.064,COC1=CC(=O)OC1=C(C2C(O2)C3=CC=CC=C3)OC,RTNGMIUMJUOABT-UHFFFAOYSA-N,0390,123.84,173.67600000000002,9,0.28694811027430395,1,739.1982421875,83.2467134075533,0.9999617338180542
behenic acid,6.66,CCCCCCCCCCCCCCCCCCCCCC(=O)O,UKMSUNONTOPOIO-UHFFFAOYSA-N,0011,399.6,732.0,2,0.45409836065573767,1,1092.8985595703125,63.43667978141466,0.9999790191650391
URIDINE DIPHOSPHATEGALACTOSE,7.46,C1=CN(C(=O)NC1=O)C2C(C(C(O2)COP(=O)(O)OP(=O)(O)OC3C(C(C(C(O3)CO)O)O)O)O)O,HSCJRCZFDFQWRP-UHFFFAOYSA-N,0048,447.6,257.4,5,0.7389277389277392,1,689.5814819335938,35.091064402581566,0.9999852180480957
Creatinine; LC-ESI-ITFT; MS2; CE,0.633,CN1CC(=O)NC1=N,DDRJAANPRJIHGJ-UHFFFAOYSA-N,0062,37.980000000000004,24.69,2,0.5382746051032807,1,630.0079345703125,93.97150449765309,0.9999622106552124
21634-52-6,2.4663,COC1=CC(=CC(=C1OC)OC)C2=C(C(=O)C3=C(O2)C(=C(C=C3OC)OC)OC)OC,AFQWYRUBZJYCIF-UHFFFAOYSA-N,0390,147.978,222.726,4,0.33560518305002557,1,882.203857421875,83.22632589337726,0.9999842643737793
Cryptochlorogenic acid,2.0282,C1C(C(C(CC1(C(=O)O)O)O)OC(=O)C=CC2=CC(=C(C=C2)O)O)O,GYFFKZTYYAFCTR-UHFFFAOYSA-N,0390,121.69200000000001,80.98500000000001,6,0.5026486386367844,1,700.8666381835938,82.63692500539275,0.9999845027923584
,16.4,C(C(C(C(C(CO)O)O)O)O)O,FBPFZTCFMRRESA-UHFFFAOYSA-N,0435,983.9999999999999,84.0,3,10.714285714285714,1,685.1972045898438,43.608291658022495,0.9999035596847534
MEGxp0_001463,3.1816,CC1C(O1)(C)C(=O)OC2CCC3(CC(=O)C(=C(C)C)CC3C2(C)OC(=O)C)C,APZBLWQCTHVAMR-UHFFFAOYSA-N,0390,190.896,255.36,5,0.25244360902255647,1,831.3364868164062,77.03745679068724,0.9999847412109375
PFK-158,5.161,C1=CC(=CC2=C1C=CC(=N2)C=CC(=O)C3=CC=NC=C3)C(F)(F)F,IAJOMYABKVAZCN-UHFFFAOYSA-N,0391,309.65999999999997,235.836,5,0.313031089401109,1,960.0560302734375,67.74563252190558,0.9999864101409912
"methyl 4-(4,6-dihydroxy-5-methoxy-2,5-dimethyl-3-oxocyclohexen-1-yl)oxy-2-hydroxy-3,6-dimethylbenzoate",5.116,CC1=CC(=C(C(=C1C(=O)OC)O)C)OC2=C(C(=O)C(C(C2O)(C)OC)O)C,BXZJZDQDHHZIIB-UHFFFAOYSA-N,0390,306.96,149.946,3,1.0471369693089512,1,697.7566528320312,56.00758534452935,0.999984860420227
NCGC00380902-01,2.8509,CC1C(C(C(C(O1)OC2C(OC(C(C2O)O)OCC3C(C(C(C(O3)OC(=O)C45CCC(CC4C6=CCC7C8(CCC(C(C8CCC7(C6(CC5)C)C)(C)C)OC9C(C(C(C(O9)CO)O)OC1C(C(C(C(O1)CO)O)O)O)O)C)(C)C)O)O)O)CO)O)O)OC1C(C(C(C(O1)CO)O)O)O,FYJIAYYWHNHDEL-UHFFFAOYSA-N,0390,171.054,256.04400000000004,2,0.3319351361484746,1,784.3350219726562,78.1912071744817,0.9999805688858032
SCH772984,3.7757,C1CN(CC1C(=O)NC2=CC3=C(C=C2)NN=C3C4=CC=NC=C4)CC(=O)N5CCN(CC5)C6=CC=C(C=C6)C7=NC=CC=N7,HDAJDNHIBCDLQF-UHFFFAOYSA-N,0391,226.542,168.46800000000002,2,0.34471828477811794,1,686.4968872070312,67.00028736886605,0.9999904632568359
CHEBI:181603,2.888,CC1=C(C(CC(C1OC2C(C(C(C(O2)CO)O)O)O)O)(C)C)CCC(=O)C,JVIDANAJZDBKRL-UHFFFAOYSA-N,0390,173.28,104.40899999999999,6,0.6596270436456628,1,724.3132934570312,76.07665059232002,0.9999799728393555
Endothal,1.32,C1CC2C(C(C1O2)C(=O)O)C(=O)O,GXEKYRXVRROBEV-UHFFFAOYSA-N,0383,79.2,135.6,2,0.415929203539823,1,615.1224365234375,87.12451451980449,0.9999727010726929
Rimantadin,6.71,CC(C12CC3CC(C1)CC(C3)C2)N,UBCHPRBFMUDMNC-UHFFFAOYSA-N,0383,402.6,297.0,2,0.3555555555555556,1,752.2916259765625,46.48351967531499,0.9999607801437378
KIRA6,5.5152,CC(C)(C)C1=NC(=C2N1C=CN=C2N)C3=CC=C(C4=CC=CC=C43)NC(=O)NC5=CC=CC(=C5)C(F)(F)F,NOHQEAFAESMMDX-UHFFFAOYSA-N,0391,330.91200000000003,262.827,4,0.25904872787042443,1,892.0558471679688,62.90456465808118,0.9999912977218628
"4-(3,4-Dihydroxyphenyl)-5-beta-D-glucopyranosyloxy-7-methoxycoumarin",2.6904,COC1=CC2=C(C(=CC(=O)O2)C3=CC(=C(C=C3)O)O)C(=C1)OC4C(C(C(C(O4)CO)O)O)O,JZBHUVGJBWDUSA-UHFFFAOYSA-N,0390,161.424,115.284,3,0.4002289996877277,1,706.4403686523438,77.14966369943667,0.9999827146530151
41276-02-2,2.623,CC1=CC=CC=C1CN2C3=C(CN(CC3)CC4=CC=CC=C4)C(=O)N5C2=NCC5,RSAQARAFWMUYLL-UHFFFAOYSA-N,0391,157.38000000000002,116.748,3,0.34803165792990043,1,656.3265380859375,76.02108236260392,0.9999866485595703
(S)-Mapracorat,3.7937,CC1=NC2=C(C=C1)C(=CC=C2)NCC(CC(C)(C)C3=CC(=CC4=C3OCC4)F)(C(F)(F)F)O,VJGFOYBQOIPQFY-UHFFFAOYSA-N,0391,227.62199999999999,322.668,6,0.2945628323849902,1,750.7778930664062,69.68184570934525,0.9999860525131226
Gibberellin A79,2.3944,CC12C3C(C45CC(CCC4C3(C(C(C1O)O)O)OC2=O)C(=C)C5)C(=O)O,PVXFGQIIGNNJHW-UHFFFAOYSA-N,0390,143.66400000000002,101.45700000000001,2,0.4160087524764186,1,699.5330200195312,79.46287081687883,0.9999854564666748
"2,3-Dimethoxybenzaldehyde",4.2813,COC1=CC=CC(=C1OC)C=O,JIVGSHFYXPRRSZ-UHFFFAOYSA-N,0391,256.878,190.566,3,0.3479739302918673,1,692.5682983398438,62.9093620635304,0.9999613761901855
"3-hydroxy-3,8-dimethyl-5-(propan-2-ylidene)-1,2,3,3a,4,5,6,8a-octahydroazulen-6-one",2.2272,CC1=CC(=O)C(=C(C)C)CC2C1CCC2(C)O,RHBOHEXDGUVIIY-UHFFFAOYSA-N,0390,133.632,183.32999999999998,7,0.2710849288168875,1,797.13818359375,83.23603074719806,0.9999620914459229
Triethyl phosphate,17.873206,CCOP(=O)(OCC)OCC,DQWPFSLDHJDLRL-UHFFFAOYSA-N,0262,1072.39236,651.11403,4,0.647011599488956,1,819.1241455078125,30.919393095801738,0.9999407529830933
NCGC00380707-01,3.7649,CC12CCCC(C1C(C(C34C2CCC(C3)C(C4)(CO)OC5C(C(C(C(O5)CO)O)O)O)O)O)(C)C(=O)O,QUCGBWQRLWOVBR-UHFFFAOYSA-N,0390,225.894,176.265,2,0.281559016253936,1,719.2842407226562,68.5946129206102,0.9999854564666748
Schisandrin B,3.8905,CC1CC2=CC3=C(C(=C2C4=C(C(=C(C=C4CC1C)OC)OC)OC)OC)OCO3,RTZKSTLPRTWFEV-UHFFFAOYSA-N,0390,233.42999999999998,335.34000000000003,3,0.30390051887636443,1,895.9373168945312,73.94572191622653,0.999982476234436
Pentalenic acid,1.7852,CC1CCC2C13CC(C(C3C=C2C(=O)O)O)(C)C,WBLTVUMJMJIOGQ-UHFFFAOYSA-N,0390,107.112,156.711,2,0.316499798993051,1,675.011962890625,84.1318367838533,0.9999786615371704
LL P880 beta,1.889,CCCC(C(C1CC(=CC(=O)O1)OC)O)O,YLHOHANRUSKHKO-UHFFFAOYSA-N,0390,113.34,87.012,9,0.30257895462694806,1,625.7617797851562,81.8876761634574,0.9999648332595825
MEGxp0_000628,4.848,COC1=CC=C(C=C1)C=CC(=O)OCC(COC(=O)C=CC2=CC=C(C=C2)O)O,JLSIEPYLSSNFSK-UHFFFAOYSA-N,0390,290.88,223.82399999999998,7,0.299592536993352,1,681.2651977539062,57.302970860831394,0.9999834299087524
kynurenic acid,2.4164,C1=CC=C2C(=C1)C(=O)C=C(N2)C(=O)O,HCZHHEIFKROPDY-UHFFFAOYSA-N,0391,144.98399999999998,66.678,3,1.174390353639881,1,643.2357177734375,77.46020688934027,0.9999197721481323
Benzoximate,7.6419789,CCON=C(C1=C(C=CC(=C1OC)Cl)OC)OC(=O)C2=CC=CC=C2,BZMIHNKNQJJVRO-UHFFFAOYSA-N,0262,458.518734,707.817087,2,0.35220731115240794,1,991.8663330078125,53.77212445455708,0.9999780654907227
Pralsetinib,4.4927,CC1=CC(=NN1)NC2=NC(=NC(=C2)C)C3CCC(CC3)(C(=O)NC(C)C4=CN=C(C=C4)N5C=C(C=N5)F)OC,GBLBJPZSROAGMF-UHFFFAOYSA-N,0391,269.562,188.235,4,0.4320503625786915,1,807.581298828125,66.62106955780683,0.9999878406524658
Edonerpic,3.2833,C1C(CN1CCCOCCC2=CC3=C(C=C2)SC=C3)O,HQNACSFBDBYLJP-UHFFFAOYSA-N,0391,196.99800000000002,155.946,5,0.2632449694124891,1,709.9848022460938,72.25320888886901,0.9999656677246094
,5.4781,CC1C=CC=CC=C(C(=O)NC2=CC(=O)C3=C(C2=O)C=C(C(=C3C(=O)C(=CC(C(C(C=CC(CC=C(C(=O)CC1O)C)O)C)O)C)C)O)C)C,IFFKOSSIDVBUOW-UHFFFAOYSA-N,0390,328.68600000000004,252.486,19,0.30179891162282285,1,912.1484985351562,63.96573578448622,0.9999723434448242
CHEMBL2402018,2.7797,CC(C)(C)NC(=O)N(CCCCCCN1CC(C(C(C1CO)O)O)O)C2CCCCC2,GFBNIASMQRMEDU-UHFFFAOYSA-N,0391,166.782,267.999,2,0.3776767823760537,1,778.2485961914062,78.56957265118139,0.9999810457229614
(L)-Dehydroascorbic acid D-Glutamic acid,0.88,C(C(C1C(=O)C(=O)C(=O)O1)O)O,SBJKKFFYIZUCET-UHFFFAOYSA-N,0048,52.8,39.6,3,0.3333333333333332,1,657.53759765625,91.97004092416888,0.9999575614929199
664969-54-4,3.7165,C1CN(CCN1CC=CC2=CC=CC=C2)C(=S)NC3=CC=C(C=C3)S(=O)(=O)N,ZUQIFHLBPBLRRM-UHFFFAOYSA-N,0391,222.99,136.116,3,0.638235034823239,1,707.598388671875,68.48636125097168,0.9999816417694092
CYCLIC AMP,2.61,C1C2C(C(C(O2)N3C=NC4=C(N=CN=C43)N)O)OP(=O)(O1)O,IVOMOUWHDPKRLL-UHFFFAOYSA-N,0180,156.6,109.5,4,0.4301369863013698,1,586.8348999023438,73.31447055618878,0.9999833106994629
CHEBI:181709,1.3236,CC=C1CN2CCC34C(C1CC2C3=NC5=CC=CC=C45)C(=O)OC,LITYYRLWHAQJQS-UHFFFAOYSA-N,0390,79.41600000000001,138.546,4,0.42678965830843174,1,638.9093627929688,87.57006789619798,0.9999808073043823
w/o MS2:Mannose; LC-ESI-ITFT; MS2; CE 15 eV; [M+H]+,6.083,C(C1C(C(C(C(O1)O)O)O)O)O,WQZGKKKJIJFFOK-UHFFFAOYSA-N,0062,364.98,226.02,2,0.6148128484204938,1,715.1072387695312,48.96150112701799,0.9999785423278809
Roquefortine C,5.1257,CC(C)(C=C)C12CC3C(=O)NC(=CC4=CN=CN4)C(=O)N3C1NC5=CC=CC=C25,SPWSUFUPTSJWNG-UHFFFAOYSA-N,0390,307.54200000000003,185.178,9,0.6607912387000617,1,681.8173217773438,54.893783103323415,0.9999853372573853
"3-[(2R,3S)-5-hydroxy-2,3,8,8-tetramethyl-4-oxo-2,3-dihydropyrano[2,3-h]chromen-6-yl]hexanoic acid",3.6863,CCCC(CC(=O)O)C1=C2C(=C3C(=C1O)C(=O)C(C(O3)C)C)C=CC(O2)(C)C,MXFUJXIOAUPXPT-UHFFFAOYSA-N,0390,221.178,304.63800000000003,7,0.27396450869556666,1,826.500732421875,73.2392251665782,0.99997878074646
(-)-Epicatechin,3.17,C1C(C(OC2=CC(=CC(=C21)O)O)C3=CC(=C(C=C3)O)O)O,PFTAWBLQPZVEMU-UHFFFAOYSA-N,0038,190.2,254.1,2,0.2514757969303424,1,647.0958251953125,70.60713535857042,0.9999781847000122
AI-10-49,5.3815,C1=CC2=C(C=C1OC(F)(F)F)NC(=N2)C3=NC=C(C=C3)OCCOCCOC4=CN=C(C=C4)C5=NC6=C(N5)C=C(C=C6)OC(F)(F)F,WJBSSBFGPKTMQQ-UHFFFAOYSA-N,0391,322.89,251.55599999999998,3,0.28357105376138914,1,1024.57080078125,68.48534042217564,0.999985933303833
Macrosphelide D,2.9981,CC1CC(=O)OC(C(C=CC(=O)OC(C(C=CC(=O)O1)O)C)O)C,MJMMUATWVTYSFD-UHFFFAOYSA-N,0390,179.886,143.15699999999998,6,0.2565644711750038,1,671.8821411132812,73.22655433258932,0.9999840259552002
NCGC00347530-02,0.6257,CC1C(C(C2C3(C1(C(C(=O)OC3CC4=C(CC(C(C24C)O)O)C)O)O)C)O)O,KHGBORGCCDJDRD-UHFFFAOYSA-N,0390,37.542,73.458,2,0.4889324511966021,1,740.2315673828125,94.92834382452308,0.9999797344207764
CHEBI:181821,2.9825,CCCCCCC1C2CCC3CCC(C(C3(O2)O1)O)O,GQFPGHNPCWNWOC-UHFFFAOYSA-N,0390,178.95,264.195,6,0.32265939930732984,1,645.001708984375,72.25588746396096,0.9999743700027466
"6,10a-dihydroxy-4-(hydroxymethyl)-4,7,11b-trimethyl-1,2,3,4a,5,6,6a,7,11,11a-decahydronaphtho[2,1-f][1]benzofuran-9-one",4.4196,CC1C2C(CC3C(CCCC3(C2CC4(C1=CC(=O)O4)O)C)(C)CO)O,LLKIVVHUJOPYIV-UHFFFAOYSA-N,0390,265.176,210.102,2,0.26212982265756624,1,676.5977783203125,60.80743855554588,0.9999868869781494
Ginkgolide A,1.2488,CC1C(=O)OC2C1(C34C(=O)OC5C3(C2)C6(C(C5)C(C)(C)C)C(C(=O)OC6O4)O)O,FPUXKXIZEIDQKW-UHFFFAOYSA-N,0390,74.928,115.887,8,0.3534391260451992,1,710.4262084960938,89.45309180546484,0.9999825954437256
KS I,1.0839,C1=CC(=C(C=C1C2C(C(=CC3=CC(=C(C=C23)O)O)C(=O)O)C(=O)O)O)O,WJMFXQBNYLYADA-UHFFFAOYSA-N,0390,65.034,128.64000000000001,3,0.4944496268656717,1,649.6611938476562,89.98955138218548,0.9999898672103882
Florfenicol amine,1.34,CS(=O)(=O)C1=CC=C(C=C1)C(C(CF)NC(=O)C(Cl)Cl)O,AYIRNRDRBQJXIF-UHFFFAOYSA-N,0045,80.4,182.10000000000002,2,0.5584843492586491,1,704.978515625,88.59539713366709,0.9999791383743286
amoxicillin,0.6394,CC1(C(N2C(S1)C(C2=O)NC(=O)C(C3=CC=C(C=C3)O)N)C(=O)O)C,LSQZJLSUYDQPKJ-UHFFFAOYSA-N,0391,38.364,114.83999999999999,5,0.6659352142110764,1,626.5587768554688,93.87703094791223,0.9999816417694092
CHEMBL2402018,6.1536,CC(C)(C)NC(=O)N(CCCCCCN1CC(C(C(C1CO)O)O)O)C2CCCCC2,GFBNIASMQRMEDU-UHFFFAOYSA-N,0391,369.216,267.999,2,0.37767678237605357,1,778.2485961914062,52.55808981771768,0.9999810457229614
IRAK inhibitor 6,2.0841,COC1=C(C=CC(=C1)N2CCOCC2)NC(=O)C3=CSC(=N3)C4=CN=CC=C4,JQSRUVXPODZKAF-UHFFFAOYSA-N,0391,125.04599999999999,191.238,3,0.34612367834844543,1,683.5025024414062,81.70511453091282,0.9999865293502808
NCGC00380146-01,4.1201,CC1(CCCC2(C1C(OC2=O)O)C)C3CCC4CC3(CC4=C)C(=O)O,UWPQNWXARKJJQM-UHFFFAOYSA-N,0390,247.206,169.392,6,0.459372343440068,1,739.3970336914062,66.56654155537584,0.9999834299087524
3-Ethoxy-4-hydroxybenzaldehyde,4.2813,CCOC1=C(C=CC(=C1)C=O)O,CBOQJANXLMLOSS-UHFFFAOYSA-N,0391,256.878,193.233,2,0.3293692071230068,1,696.113037109375,63.09823458174384,0.9999610185623169
125404-04-8,3.5275,C1=CC=C(C=C1)C=CC2=NC(=NC=C2)N,LNUXNUNUGIHCPA-UHFFFAOYSA-N,0391,211.64999999999998,130.239,4,0.6250892589777254,1,668.2066650390625,68.32566763044376,0.9999594688415527
promazine,1.8957,CN(C)CCCN1C2=CC=CC=C2SC3=CC=CC=C31,ZGUGWUXLJSTTMA-UHFFFAOYSA-N,0391,113.74199999999999,178.242,3,0.3618675732992224,1,798.2424926757812,85.75094648009448,0.9999600648880005
"2,3-Dihydro-2-(3,4-dihydroxyphenyl)-3-carboxy-1,4-benzodioxin-6-acrylic acid",1.0839,C1=CC2=C(C=C1C=CC(=O)O)OC(C(O2)C3=CC(=C(C=C3)O)O)C(=O)O,XOLNJKHCNSNACU-UHFFFAOYSA-N,0390,65.034,128.64000000000001,3,0.4944496268656717,1,621.5991821289062,89.53763102176777,0.9999897480010986
AZD-8529,6.3213,CC1=CC(=CC2=C1C(=O)N(C2)CC3=CC=C(C=C3)OC(F)(F)F)C4=NC(=NO4)CN5CCNCC5,IPCYZQQFECEHLI-UHFFFAOYSA-N,0391,379.278,203.388,3,0.8648002832025489,1,842.686767578125,54.99181729291396,0.9999901056289673
WT-161,6.1039,C1=CC=C(C=C1)N(C2=CC=CC=C2)C3=CC=C(C=C3)C=NNC(=O)CCCCCCC(=O)NO,KXWWYFKVBFUVIZ-UHFFFAOYSA-N,0391,366.23400000000004,261.24,3,0.40190629306384945,1,847.4376831054688,56.7833709426372,0.9999885559082031
w/o MS2:Perfluorobutyric acid; LC-ESI-ITFT; MS2; CE,2.758,C(=O)(C(C(C(F)(F)F)(F)F)(F)F)O,YPJUNDFVDDCYIH-UHFFFAOYSA-N,0062,165.48,654.3,2,0.7470884915176524,1,741.11474609375,77.6714738342196,0.999962568283081
w/o MS2:Putrescine; LC-ESI-QTOF; MS2; CE,0.442,C(CCN)CN,KIDHWZJUCRJVML-UHFFFAOYSA-N,0062,26.52,17.46,2,0.5189003436426116,1,602.6671752929688,95.59956123591631,0.9999512434005737
DTXSID90964182,3.0241,CC1=CC(=O)C2=C(C3=C(C=C2O1)OC(C3)C(C)(C)O)O,LJSWMDKKEBOERP-UHFFFAOYSA-N,0390,181.446,257.478,4,0.29529513201127866,1,667.9534301757812,72.83553137046546,0.9999682903289795
CHEBI:183455,1.0652,CC(CCC(CC1CCC(=O)O1)O)O,STXXJRAORSDCEP-UHFFFAOYSA-N,0390,63.91199999999999,92.61599999999999,2,0.30992485099766776,1,610.4495849609375,89.53033934750079,0.999972939491272
Hannokinol,2.5013,C1=CC(=CC=C1CCC(CC(CCC2=CC=C(C=C2)O)O)O)O,GZVIQGVWSNEONZ-UHFFFAOYSA-N,0390,150.078,224.664,2,0.3319891037282341,1,665.3513793945312,77.44379817224235,0.9999852180480957
Btk inhibitor 1,1.7864,C1CC(CNC1)N2C3=NC=NC(=C3C(=N2)C4=CC=C(C=C4)OC5=CC=CC=C5)N,GPSQYTDPBDNDGI-UHFFFAOYSA-N,0391,107.184,160.12199999999999,5,0.3306104095627084,1,706.0989990234375,84.82025889454033,0.9999885559082031
Levamisole,3.02,C1CSC2=NC(CN21)C3=CC=CC=C3,HLFSDGLLUJUHTE-UHFFFAOYSA-N,0045,181.2,476.69999999999993,2,0.6198867212083071,1,660.4144287109375,72.56268304832707,0.9999371767044067
DTXSID90964182,5.5076,CC1=CC(=O)C2=C(C3=C(C=C2O1)OC(C3)C(C)(C)O)O,LJSWMDKKEBOERP-UHFFFAOYSA-N,0390,330.456,257.478,4,0.2834339244517978,1,667.9534301757812,50.52708990310359,0.9999682903289795
MEGxp0_001357,3.8442,COC1=CC(=O)OC1=C(C2C(O2)C3=CC=CC=C3)OC,RTNGMIUMJUOABT-UHFFFAOYSA-N,0390,230.652,173.67600000000002,9,0.32805914461410884,1,739.1982421875,68.79700372156805,0.9999617338180542
CHEBI:181645,2.0336,CC1=C2CC3C(O3)(CCC4C(O4)(CC2(OC1=O)O)C)C,HHGREWJPFBZWTH-UHFFFAOYSA-N,0390,122.01599999999999,190.644,2,0.3599798577453264,1,630.1851806640625,80.6380721502488,0.9999706745147705
9-Methoxycanthin-6-one,4.4071,COC1=CC2=C(C=C1)C3=C4N2C(=O)C=CC4=NC=C3,OWCRARVHWCCRAG-UHFFFAOYSA-N,0390,264.426,208.122,5,0.27053362931357555,1,761.2437744140625,65.26395237799724,0.9999709129333496
Minovincinine,1.5958,CC(C12CCCN3C1C4(CC3)C5=CC=CC=C5NC4=C(C2)C(=O)OC)O,BKMGDPNQILJWLI-UHFFFAOYSA-N,0390,95.748,137.334,6,0.30280920966403074,1,657.6843872070312,85.44164923746932,0.9999768733978271
Crenolanib,1.8289,CC1(COC1)COC2=CC3=C(C=C2)N(C=N3)C4=NC5=C(C=CC=C5N6CCC(CC6)N)C=C4,DYNHJHQFHQTFTP-UHFFFAOYSA-N,0391,109.734,152.49599999999998,3,0.2804139124960654,1,767.2950439453125,85.69859132208586,0.9999841451644897
Gallocatechin,3.4,C1C(C(OC2=CC(=CC(=C21)O)O)C3=CC(=C(C=C3)O)O)O,PFTAWBLQPZVEMU-UHFFFAOYSA-N,0052,204.0,326.40000000000003,3,0.37500000000000006,1,647.0958251953125,68.47453003758342,0.9999781847000122
Ranitidine-S-oxide (peak 1),1.39,CNC(=C[N+](=O)[O-])NCCS(=O)CC1=CC=C(O1)CN(C)C,SKHXRNHSZTXSLP-UHFFFAOYSA-N,0383,83.39999999999999,112.8,3,0.2606382978723405,1,583.9303588867188,85.71747491276106,0.999984860420227
penicillin g,1.5835,CC1(C(N2C(S1)C(C2=O)NC(=O)CC3=CC=CC=C3)C(=O)O)C,JGSARLDLIJGVTE-UHFFFAOYSA-N,0391,95.00999999999999,132.819,2,0.2846655975425203,1,634.2765502929688,85.02072952939606,0.9999872446060181
Naspm,0.6917,C1=CC=C2C(=C1)C=CC=C2CC(=O)NCCCNCCCCNCCCN,ZUINPPQIQARTKX-UHFFFAOYSA-N,0391,41.501999999999995,62.046,5,0.33110917706217974,1,614.56787109375,93.24696230440121,0.9999750852584839
CHEBI:182879,1.1351,COC1=C(C=C2C(=C1)C3CC[N+]4(CC=CC56C4(C3CC5)N2C(=O)C6)[O-])OC,XZNRPOKZBBDTJP-UHFFFAOYSA-N,0390,68.106,112.689,6,0.39562867715571176,1,843.8843383789062,91.92946273528064,0.9999750852584839
w/o MS2:Anthranilic acid; LC-ESI-QTOF; MS2; CE,0.801,C1=CC=C(C(=C1)C(=O)O)N,RWZYAGGXGHYGMB-UHFFFAOYSA-N,0062,48.06,65.72999999999999,2,0.2688270196257415,1,664.6049194335938,92.76863613333485,0.9999476671218872
alanine,0.69,CC(C(=O)O)N,QNAYBMKLOCPYGJ-UHFFFAOYSA-N,0002,41.4,59.7,2,0.30653266331658297,1,630.0814819335938,93.42942124359033,0.9999562501907349
NCGC00385454-01,2.5592,CCC1C2CC3C4C5(CC(C2C5O)N3C1O)C6=CC=CC=C6N4C,CJDRUOGAGYHKKD-UHFFFAOYSA-N,0390,153.55200000000002,116.298,9,0.3203322499097149,1,665.701416015625,76.9338030075039,0.9999775886535645
Hippagine,0.5343,C1C(C(C=C2C1N3CC2C4=CC5=C(C=C4C3)OCO5)O)O,JKZMYBLUKAMPKM-UHFFFAOYSA-N,0390,32.058,52.455,4,0.38884758364312266,1,560.5550537109375,94.28102560350273,0.9999741315841675
Carabrol,1.9818,CC(CCC1C2C1(CC3C(C2)C(=C)C(=O)O3)C)O,MTIXBBDFRVGBOQ-UHFFFAOYSA-N,0390,118.908,194.226,6,0.3877853634425875,1,679.3118896484375,82.4958164560408,0.9999698400497437
Phenylalanine,1.587016667,C1=CC=C(C=C1)CC(C(=O)O)N,COLNVLDHVKWLRT-UHFFFAOYSA-N,0055,95.22100002,62.55050001,2,0.5223059768471386,1,617.7815551757812,84.5866230187293,0.99994957447052
,14,CC(=CC(=O)O)C(=O)O,HNEGQIOMVPPMNR-UHFFFAOYSA-N,0435,840.0,453.0,2,0.8543046357615894,1,640.1133422851562,31.226760092402305,0.9998623132705688
Defensamide,3.0587,CCCCCC(=O)NC(CC1=CC=C(C=C1)O)C(=O)OC,GBTVWZMJUZJPBU-UHFFFAOYSA-N,0391,183.522,246.97799999999998,2,0.25692976702378345,1,697.303955078125,73.68120477970925,0.999976634979248
GNF-Pf-5485,6.4813,C[N+]1=CC=C(C=C1)C=CC2=CNC3=CC=CC=C32,REPRLCRXMJXHAW-UHFFFAOYSA-O,0391,388.878,123.93599999999999,3,2.1377323780015494,1,706.0775146484375,44.92417731307788,0.9999679327011108
Wogonin,2.2835,COC1=C(C=C(C2=C1OC(=CC2=O)C3=CC=CC=C3)O)O,XLTFNNCXVBYBSX-UHFFFAOYSA-N,0390,137.01,193.779,6,0.29295744120879974,1,780.3421020507812,82.44231605087944,0.9999611377716064
Aureonitol,1.5281,CC=CC=CC1COC(C1O)C=CC=C,DTLKTHCXEMHTIQ-UHFFFAOYSA-N,0390,91.686,158.313,2,0.420856152053211,1,714.75537109375,87.17239440122036,0.9999518394470215
JAK/HDAC-IN-1,3.7328,C1=CC(=CC=C1NC2=NC(=NC=C2Cl)NC3=CN(N=C3)CCCCCC(=O)NO)Cl,MTOQNLGMTJOJOF-UHFFFAOYSA-N,0391,223.96800000000002,155.43,3,0.44095734414205756,1,862.0037231445312,74.01774563304902,0.9999892711639404
AVL-292,3.1505,COCCOC1=CC=C(C=C1)NC2=NC=C(C(=N2)NC3=CC(=CC=C3)NC(=O)C=C)F,KXBDTLQSDKGAEB-UHFFFAOYSA-N,0391,189.03,147.63,3,0.28043080674659626,1,733.1163330078125,74.21555195415547,0.9999856948852539
Adenosine,3.8,C1=NC(=C2C(=N1)N(C=N2)C3C(C(C(O3)CO)O)O)N,OIRDTQYFTABQOQ-UHFFFAOYSA-N,0262,228.0,355.343589,2,0.35836748696766274,1,595.9501953125,61.741769397282766,0.9999749660491943
,2.8316,CC1C=CC=CC=C(C(=O)NC2=CC(=O)C3=C(C2=O)C=C(C(=C3C(=O)C(=CC(C(C(C=CC(CC=C(C(=O)CC1O)C)O)C)O)C)C)O)C)C,IFFKOSSIDVBUOW-UHFFFAOYSA-N,0390,169.896,252.486,19,0.32710724555024834,1,912.1484985351562,81.37408543972386,0.9999723434448242
ciproxifan,4.1604,C1CC1C(=O)C2=CC=C(C=C2)OCCCC3=CN=CN3,ACQBHJXEAYTHCY-UHFFFAOYSA-N,0391,249.624,133.764,3,0.8661523279806224,1,723.1847534179688,65.48267938169205,0.999961256980896
Costunolide,4.5056,CC1=CCCC(=CC2C(CC1)C(=C)C(=O)O2)C,HRYLQFBHBWLLLL-UHFFFAOYSA-N,0390,270.336,206.979,6,0.30610351774817735,1,1067.6964111328125,74.68044313147246,0.9999645948410034
"3,4-Dehydro-6-hydroxymellein",0.8244,CC1=CC2=CC(=CC(=C2C(=O)O1)O)O,OHHKDUWFPNAEHQ-UHFFFAOYSA-N,0390,49.464,106.365,2,0.534959808207587,1,675.8875122070312,92.68162244358072,0.999958872795105
Citraconic acid,0.555,CC(=CC(=O)O)C(=O)O,HNEGQIOMVPPMNR-UHFFFAOYSA-N,0345,33.300000000000004,86.75999999999999,3,0.6161825726141078,1,640.1133422851562,94.79779629633691,0.9999479055404663
L-Glutathione (oxidized form); LC-ESI-QTOF; MS2; CE,0.488,C(CC(=O)NC(CSSCC(C(=O)NCC(=O)O)NC(=O)CCC(C(=O)O)N)C(=O)NCC(=O)O)C(C(=O)O)N,YPZRWBKMTBYPTK-UHFFFAOYSA-N,0062,29.28,43.14,2,0.32127955493741306,1,667.0357666015625,95.61043028484413,0.9999798536300659
Phenylephrine,3.24,CNCC(C1=CC(=CC=C1)O)O,SONNWYBIRXJNDC-UHFFFAOYSA-N,0383,194.4,155.1,2,0.25338491295938115,1,597.2682495117188,67.45181078034422,0.999956488609314
CHEBI:182585,2.7441,CC12CCCC3(C1C(C(C45C2CCC(C4)C(=C)C5)O)OC3=O)CO,RDUNXXWNAKBVER-UHFFFAOYSA-N,0390,164.646,229.51500000000001,4,0.28263512188745843,1,666.9608154296875,75.3139920380589,0.9999865293502808
NCGC00380972-01,4.0036,CC(C)CC1C(=O)N2C(CC34C2N(C5=CC=CC=C53)C6(CCC7C(CCCC7(C6C4)C)(C)C)C)C(=O)N1,IXMZEPKYPFQFJN-UHFFFAOYSA-N,0390,240.21599999999998,358.368,9,0.3296946155906778,1,927.9212036132812,74.11245706374525,0.999988317489624
Cardamonin,3.069,COC1=CC(=CC(=C1C(=O)C=CC2=CC=CC=C2)O)O,NYSZJNUIVUBQMM-UHFFFAOYSA-N,0390,184.14,257.004,3,0.28351309707241923,1,822.957763671875,77.62461111267683,0.9999679327011108
S-(5'-Adenosyl)-L-methionine chloride,0.19,C[S+](CCC(C(=O)[O-])N)CC1C(C(C(O1)N2C=NC3=C(N=CN=C32)N)O)O,MEFKEPWMEQBLKI-UHFFFAOYSA-N,0062,11.4,27.63,2,0.5874049945711183,1,644.2853393554688,98.23059763995184,0.9999704360961914
PLpro inhibitor,3.6486,CC1=C(C=C(C=C1)NC(=O)C)C(=O)NC(C)C2=CC=CC3=CC=CC=C32,KGPYBLOBHQLIET-UHFFFAOYSA-N,0391,218.916,330.918,2,0.33845847007415736,1,911.569091796875,75.98470571567152,0.9999818801879883
Sulfapyridine,6.85222315,C1=CC=NC(=C1)NS(=O)(=O)C2=CC=C(C=C2)N,GECHUMIMRBOMGK-UHFFFAOYSA-N,0262,411.133389,782.1221745,2,0.4743361045058824,1,679.9456787109375,39.53437724915913,0.9999762773513794
GLUTARATE,2.4,C(CC(=O)O)CC(=O)O,JFCQEDHGNNZCLN-UHFFFAOYSA-N,0048,144.0,199.2,2,0.2771084337349397,1,623.94384765625,76.9210000962564,0.999961256980896
2'-Deoxyadenosine-5'-monophosphate,0.62,C1C(C(OC1N2C=NC3=C(N=CN=C32)N)COP(=O)(O)O)O,KHWCHTKSEGGWEX-UHFFFAOYSA-N,0062,37.2,149.73000000000002,2,0.7515527950310559,1,585.8424072265625,93.65016947542111,0.999983549118042
PAC-1,3.1483,C=CCC1=C(C(=CC=C1)C=NNC(=O)CN2CCN(CC2)CC3=CC=CC=C3)O,YQNRVGJCPCNMKT-UHFFFAOYSA-N,0391,188.898,252.678,4,0.2524161185382186,1,596.374755859375,68.32562107230741,0.999984622001648
Defensamide,5.1739,CCCCCC(=O)NC(CC1=CC=C(C=C1)O)C(=O)OC,GBTVWZMJUZJPBU-UHFFFAOYSA-N,0391,310.43399999999997,246.97799999999998,2,0.25692976702378345,1,697.303955078125,55.48082041708492,0.999976634979248
CZC-54252,3.668,COC1=C(C=CC(=C1)N2CCOCC2)NC3=NC=C(C(=N3)NC4=CC=CC=C4NS(=O)(=O)C)Cl,CLGWUCNXOBLWFM-UHFFFAOYSA-N,0391,220.08,172.73399999999998,3,0.27409774566674794,1,719.5511474609375,69.41426599393372,0.9999877214431763
Guanosine,13.85317,C1=NC2=C(N1C3C(C(C(O3)CO)O)O)N=C(NC2=O)N,NYHBQMYGNKIUIF-UHFFFAOYSA-N,0263,831.1902,507.507627,2,0.6377885883476584,1,597.3584594726562,39.144292144748185,0.9999169111251831
,0.7,C(C1C(C(C(C(O1)O)O)O)O)O,WQZGKKKJIJFFOK-UHFFFAOYSA-N,0432,42.0,69.0,4,0.391304347826087,1,715.1072387695312,94.12675502037031,0.9999785423278809
NCGC00385074-01,1.2488,CC1C(=O)OC2C1(C34C(=O)OC5C3(C2)C6(C(C5)C(C)(C)C)C(C(=O)OC6O4)O)O,FPUXKXIZEIDQKW-UHFFFAOYSA-N,0390,74.928,115.887,8,0.3534391260451992,1,710.4262084960938,89.45309180546484,0.9999825954437256
NCGC00380179-01,2.3193,CC(C1CCC2C1(CCC3=C2CCC4(C3(CCC(=O)C4(C)C)C)O)C)C(=O)C=C(C)C(C)(C)O,MRQHSVZGPFMNOJ-UHFFFAOYSA-N,0390,139.15800000000002,276.048,3,0.4958920187793427,1,1007.612060546875,86.18932767393902,0.9999793767929077
Uncarine A,1.1955,CC1C2CN3CCC4(C3CC2C(=CO1)C(=O)OC)C5=CC=CC=C5NC4=O,JMIAZDVHNCCPDM-UHFFFAOYSA-N,0390,71.73,114.894,11,0.3756854143819521,1,658.9262084960938,89.11410730441067,0.9999829530715942
MEGxp0_000202,6.0859,CC1(CCC2(CCC3(C(=CCC4C3(CCC5C4(CCC(C5(C)C)OC6C(C(C(C(O6)C(=O)O)O)O)O)C)C)C2C1)C)C(=O)OC7C(C(C(C(O7)CO)O)O)O)C,YOSRLTNUOCHBEA-UHFFFAOYSA-N,0390,365.154,208.128,7,0.7544684040590407,1,734.9866333007812,50.31828016244118,0.9999829530715942
Salicylaldehyde,13.477519,C1=CC=C(C(=C1)C=O)O,SMQUZDBALVYZAC-UHFFFAOYSA-N,0263,808.6511399999999,642.582096,2,0.2584401978109268,1,652.2346801757812,23.981622654910577,0.9998877048492432
Gibberellin A54,1.2563,CC12C(CC(C3(C1C(C45C3CCC(C4)C(=C)C5)C(=O)O)OC2=O)O)O,ZGHAVKULRAPSKM-UHFFFAOYSA-N,0390,75.378,111.65099999999998,4,0.32487841577773585,1,677.2184448242188,88.86947031994006,0.999982476234436
4-acetamidobutanoic acid,1.1,CC(=O)NCCCC(=O)O,UZTFMUBKZQVKLK-UHFFFAOYSA-N,0004,66.0,147.0,4,0.5510204081632653,1,644.0881958007812,89.7529561277018,0.9999616146087646
Aureonitol,3.749,CC=CC=CC1COC(C1O)C=CC=C,DTLKTHCXEMHTIQ-UHFFFAOYSA-N,0390,224.94,158.313,2,0.42085615205321114,1,714.75537109375,68.52909273619211,0.9999518394470215
Gambogenic Acid,2.4789,CC(=CCCC(=CCC1=C(C(=C2C(=C1O)C(=O)C3=CC4CC5C3(O2)C(C4=O)(OC5(C)C)CC=C(C)C(=O)O)CC=C(C)C)O)C)C,RCWNBHCZYXWDOV-UHFFFAOYSA-N,0391,148.73399999999998,374.25,3,0.6025811623246493,1,911.465576171875,83.68188509930592,0.9999903440475464
CHEBI:182140,4.5844,CC(C)C1=CC2=CCC3C(C2CC1=O)(CCCC3(C)C(=O)O)C,MRGKHDWUXCFJLK-UHFFFAOYSA-N,0390,275.06399999999996,217.464,13,0.26487142699481275,1,909.3025512695312,69.75000239293657,0.9999871253967285
CHEBI:182140,5.3635,CC(C)C1=CC2=CCC3C(C2CC1=O)(CCCC3(C)C(=O)O)C,MRGKHDWUXCFJLK-UHFFFAOYSA-N,0390,321.81,217.464,13,0.47983114446529085,1,909.3025512695312,64.60913921876697,0.9999871253967285
2-METHYLMALEATE,1.678,CC(=CC(=O)O)C(=O)O,HNEGQIOMVPPMNR-UHFFFAOYSA-N,0323,100.67999999999999,66.44999999999999,2,0.5151241534988715,1,640.1133422851562,84.27153546892492,0.9999479055404663
CHEBI:181281,7.1423,CCCCCC=CC(CCCCCCCC=CC=CC(=O)N1CCCCC1)OO,DXHRROZVQMDXOO-UHFFFAOYSA-N,0390,428.53799999999995,334.299,8,0.2819003347302863,1,1022.571533203125,58.09212499221073,0.9999740123748779
"2,2,6,6-Tetramethyl-4 piperidone",2.94841975,CC1(CC(=O)CC(N1)(C)C)C,JWUXJYZVKZKLTJ-UHFFFAOYSA-N,0262,176.905185,477.67074749999995,2,0.6296503691593549,1,642.7401123046875,72.47640506430085,0.9999563694000244
PRT062607,2.2413,C1CCC(C(C1)N)NC2=NC=C(C(=N2)NC3=CC(=CC=C3)N4N=CC=N4)C(=O)N,TXGKRVFSSHPBAJ-UHFFFAOYSA-N,0391,134.47799999999998,251.901,2,0.46614741505591495,1,612.0225219726562,78.02727919774036,0.9999853372573853
Dinactin,7.2066,CCC1CC2CCC(O2)C(C(=O)OC(CC3CCC(O3)C(C(=O)OC(CC4CCC(O4)C(C(=O)OC(CC5CCC(O5)C(C(=O)O1)C)C)C)CC)C)C)C,ZBDGIMZKOJALMU-UHFFFAOYSA-N,0390,432.396,322.344,2,0.34141165959347786,1,1154.428466796875,62.54458267130715,0.9999864101409912
trans-Aconitic acid,4.84,C(C(=CC(=O)O)C(=O)O)C(=O)O,GTZCVFVGUGFEME-UHFFFAOYSA-N,0048,290.4,211.2,5,0.37499999999999994,1,654.6279296875,55.63892299269474,0.9999619722366333
TARTRATE,0.698,C(C(C(=O)O)O)(C(=O)O)O,FEWJPZIEWOKRBE-UHFFFAOYSA-N,0243,41.879999999999995,214.65,2,0.8048916841369672,1,653.12353515625,93.5877368146011,0.9999719858169556
NCGC00385474-01,4.7968,CC=C1C[N+](C2CC3=C(C(=O)CC1C2C(=O)OC)NC4=CC=CC=C34)(C)[O-],SCBWVOFEDKLZRF-UHFFFAOYSA-N,0390,287.808,154.845,10,0.8586844909425554,1,747.407958984375,61.49251602952,0.9999727010726929
(-)-Epicatechin,6.84,C1C(C(OC2=CC(=CC(=C21)O)O)C3=CC(=C(C=C3)O)O)O,PFTAWBLQPZVEMU-UHFFFAOYSA-N,0052,410.4,326.40000000000003,3,0.2573529411764704,1,647.0958251953125,36.578172193256044,0.9999781847000122
1-(2-Thiazolylazo)-2-naphthol,4.6078,C1=CC=C2C(=C1)C=CC(=C2N=NC3=NC=CS3)O,IOMXCGDXEUDZAK-UHFFFAOYSA-N,0391,276.468,203.874,3,0.3560728685364491,1,827.2897338867188,66.58147820823109,0.9999759197235107
"4-[(E)-3-Hydroxy-8,10-dimethyl-2-(methylamino)dodec-6-enyl]phenol",4.7547,CCC(C)CC(C)C=CCCC(C(CC1=CC=C(C=C1)O)NC)O,RNCWKUCWPBNWOH-UHFFFAOYSA-N,0390,285.282,226.758,3,0.2580901225094593,1,841.8235473632812,66.11142550080164,0.9999779462814331
"3-Hydroxy-11-ursen-28,13-olide",3.837,CC1CCC23CCC4(C5(CCC6C(C(CCC6(C5C=CC4(C2C1C)OC3=O)C)O)(C)C)C)C,UVBLDLGZDSGCSN-UHFFFAOYSA-N,0390,230.22,321.717,6,0.2844021298221729,1,1094.161865234375,78.95923744786282,0.9999778270721436
Naspm,0.6518,C1=CC=C2C(=C1)C=CC=C2CC(=O)NCCCNCCCCNCCCN,ZUINPPQIQARTKX-UHFFFAOYSA-N,0391,39.108000000000004,62.046,5,0.36969345324436703,1,614.56787109375,93.6365043082387,0.9999750852584839
(+)-Catechin,5.3,C1C(C(OC2=CC(=CC(=C21)O)O)C3=CC(=C(C=C3)O)O)O,PFTAWBLQPZVEMU-UHFFFAOYSA-N,0038,318.0,254.1,2,0.2514757969303424,1,647.0958251953125,50.8573556468212,0.9999781847000122
,5.6404,CC1C=CC=CC=C(C(=O)NC2=CC(=O)C3=C(C2=O)C=C(C(=C3C(=O)C(=CC(C(C(C=CC(CC=C(C(=O)CC1O)C)O)C)O)C)C)O)C)C,IFFKOSSIDVBUOW-UHFFFAOYSA-N,0390,338.424,252.486,19,0.3403673867065896,1,912.1484985351562,62.89814645932278,0.9999723434448242
AT-56,6.1246,C1CN(CCC1=C2C3=CC=CC=C3C=CC4=CC=CC=C42)CCCCC5=NNN=N5,LQNGMDUIRLSESZ-UHFFFAOYSA-N,0391,367.476,277.85699999999997,2,0.3225364126151223,1,795.1439819335938,53.78497374696981,0.9999772310256958
NCGC00385292-01,2.1801,CC(C)C1=CC2=C(C=C1)C3(CCCC(C3C(C2O)O)(C)C(=O)OC)C,OOJGKIYLKJDMTJ-UHFFFAOYSA-N,0390,130.80599999999998,206.832,2,0.36757368298909265,1,749.1512451171875,82.53944035299061,0.9999834299087524
,4.29,C1C(C(C(C(O1)(CO)O)O)O)O,LKDRXBCSQODPBY-UHFFFAOYSA-N,0401,257.4,44.4,3,4.7972972972972965,1,664.4943237304688,61.26377746088826,0.9999622106552124
Hannokinol,4.9875,C1=CC(=CC=C1CCC(CC(CCC2=CC=C(C=C2)O)O)O)O,GZVIQGVWSNEONZ-UHFFFAOYSA-N,0390,299.25,224.664,2,0.33198910372823426,1,665.3513793945312,55.02376499582565,0.9999852180480957
2-METHYLMALEATE,1.688,CC(=CC(=O)O)C(=O)O,HNEGQIOMVPPMNR-UHFFFAOYSA-N,0253,101.28,69.42,2,0.4589455488331893,1,640.1133422851562,84.17780206885894,0.9999479055404663
w/o MS2:AMP; LC-ESI-QTOF; MS2; CE,0.708,C1=NC(=C2C(=N1)N(C=N2)C3C(C(C(O3)COP(=O)(O)O)O)O)N,UDMBCSSLTHHNCD-UHFFFAOYSA-N,0062,42.48,32.94,2,0.2896174863387978,1,589.9880981445312,92.799854754088,0.999982476234436
Progesterone,0.68,CC(=O)C1CCC2C1(CCC3C2CCC4=CC(=O)CCC34C)C,RJKFOVLPORLFTN-UHFFFAOYSA-N,0048,40.800000000000004,568.2,3,0.9281942977824711,1,1094.5987548828125,96.27260675950906,0.9999834299087524
NCGC00347491-02,2.5367,CC1=CC(=O)C(C2(C1CC3C45C2C(C(C(=C)C4(C(C(=O)O3)O)O)O)(OC5)O)C)O,UCUWZJWAQQRCOR-UHFFFAOYSA-N,0390,152.202,115.887,4,0.3133656061508193,1,698.1669311523438,78.19976953809794,0.9999865293502808
JNJ-46281222,2.527,C1CC1CC2=NN=C3N2C=CC(=C3C(F)(F)F)CN4CCC(CC4)C5=CC=CC=C5,LYDKDODJIBQNLK-UHFFFAOYSA-N,0391,151.62,252.59700000000004,4,0.3997553415123696,1,754.2771606445312,79.8986356857948,0.9999831914901733
,8.6,CCCCCCCCC=CCCCCCCCC(=O)O,ZQPPMHVWECSIRJ-UHFFFAOYSA-N,0435,516.0,297.0,2,0.7373737373737373,1,1172.072265625,55.97541080584768,0.9999589920043945
2206736-04-9,3.5081,CC1=C2C(=CC=C1)C=CC=C2N3CCC4=C(C3)N=C(N=C4N5CCN(C(C5)CC#N)C(=O)C=C)OCC6CCCN6C,YRYQLVCTQFBRLD-UHFFFAOYSA-N,0391,210.48600000000002,166.479,2,0.26433964644189356,1,886.2862548828125,76.25078818041344,0.9999880790710449
"NCGC00381282-01![5-hydroxy-2-[4-hydroxy-2,5-bis(hydroxymethyl)-3-(2-methylpropanoyloxy)oxolan-2-yl]oxy-4-(2-methylpropanoyloxy)-6-(2-methylpropanoyloxymethyl)oxan-3-yl] decanoate",3.9774,CCCCCCCCCC(=O)OC1C(C(C(OC1OC2(C(C(C(O2)CO)O)OC(=O)C(C)C)CO)COC(=O)C(C)C)O)OC(=O)C(C)C,KSNWZOGDNCZVEN-UHFFFAOYSA-N,0390,238.64399999999998,331.596,5,0.2803170122679406,1,861.82373046875,72.30941878680918,0.9999750852584839
WF-47-JS03,1.9305,CC1(CC(CC(N1C)(C)C)NC2=NC3=C(C=NN3C(=C2C4=CC=CC=C4)N)C5=CC(=C(C=C5)OC)OC)C,YRBWLEAMGAGYBK-UHFFFAOYSA-N,0391,115.83000000000001,186.702,3,0.37959957579458165,1,905.0184936523438,87.2013665121306,0.9999877214431763
MEGxp0_001112,3.6076,CC(=CCCC(CO)C1CCC2(C1(CCC3=C2CCC4C3(CCC(=O)C4(C)C)C)C)C)C(=O)O,RLTDMRMWVUCOAI-UHFFFAOYSA-N,0390,216.45600000000002,335.139,6,0.3541306741381934,1,982.1034545898438,77.95995941278929,0.9999836683273315
Myrtucommulone B,5.6367,CC(C)C1C2=C(C(=C(C=C2O)O)C(=O)C(C)C)OC3=C1C(=O)C(C(=O)C3(C)C)(C)C,AYAUOXWJIWVPSO-UHFFFAOYSA-N,0390,338.202,259.296,3,0.30430858941132916,1,835.4285278320312,59.5175423470818,0.9999849796295166
aldosterone,16.4,CC12CCC(=O)C=C1CCC3C2C(CC4(C3CCC4C(=O)CO)C=O)O,PQSUYGKTWSAVDQ-UHFFFAOYSA-N,0025,983.9999999999999,755.3999999999999,2,0.30262112787926937,1,682.4241333007812,44.19185254198767,0.9998495578765869
Pardoprunox,2.9648,CN1CCN(CC1)C2=CC=CC3=C2OC(=O)N3,YVPUUUDAZYFFQT-UHFFFAOYSA-N,0391,177.888,107.457,2,0.655434266729948,1,576.7335815429688,69.15594900437634,0.9999717473983765
NCGC00385474-01,3.9259,CC=C1C[N+](C2CC3=C(C(=O)CC1C2C(=O)OC)NC4=CC=CC=C34)(C)[O-],SCBWVOFEDKLZRF-UHFFFAOYSA-N,0390,235.554,154.845,10,0.5212244502567084,1,747.407958984375,68.48387856076813,0.9999727010726929
"3-hydroxy-3,8-dimethyl-5-(propan-2-ylidene)-1,2,3,3a,4,5,6,8a-octahydroazulen-6-one",1.8734,CC1=CC(=O)C(=C(C)C)CC2C1CCC2(C)O,RHBOHEXDGUVIIY-UHFFFAOYSA-N,0390,112.404,183.32999999999998,7,0.3868761250204549,1,797.13818359375,85.89905711287756,0.9999620914459229
Cytidine; LC-ESI-QTOF; MS2; CE,0.701,C1=CN(C(=O)N=C1N)C2C(C(C(O2)CO)O)O,UHDGCWIWMRVCDJ-UHFFFAOYSA-N,0062,42.059999999999995,31.229999999999997,2,0.34678194044188276,1,666.85595703125,93.69279084088186,0.9999747276306152
protocatechuic acid-3-O-sulfate,1.122,C1=CC(=C(C=C1C(=O)O)OS(=O)(=O)O)O,GSFKEOSQCKWCLH-UHFFFAOYSA-N,0057,67.32000000000001,90.36,2,0.25498007968127484,1,648.7625122070312,89.62332151853481,0.9999740123748779
SCHEMBL23710752,3.931,CC1CC2=CC(=C(C=C2C(C1C)C3=CC(=C(C=C3)O)O)O)OC,GSOJAKKBDGPDIS-UHFFFAOYSA-N,0390,235.86,186.162,3,0.2669610339381829,1,769.3062133789062,69.34120693448345,0.9999809265136719
ZLN005,7.0541,CC(C)(C)C1=CC=C(C=C1)C2=NC3=CC=CC=C3N2,LQUNNCQSFFKSSK-UHFFFAOYSA-N,0391,423.246,298.26599999999996,2,0.41902194685280936,1,760.6917724609375,44.360381520790774,0.9999563694000244
Florfenicol,4.73,CS(=O)(=O)C1=CC=C(C=C1)C(C(CF)NC(=O)C(Cl)Cl)O,AYIRNRDRBQJXIF-UHFFFAOYSA-N,0045,283.8,182.10000000000002,2,0.558484349258649,1,704.978515625,59.743454061377086,0.9999791383743286
Gibberellin A54,2.4654,CC12C(CC(C3(C1C(C45C3CCC(C4)C(=C)C5)C(=O)O)OC2=O)O)O,ZGHAVKULRAPSKM-UHFFFAOYSA-N,0390,147.92399999999998,111.65099999999998,4,0.324878415777736,1,677.2184448242188,78.15712180751432,0.999982476234436
,2.6,C(C1C(C(C(C(O1)O)O)O)O)O,WQZGKKKJIJFFOK-UHFFFAOYSA-N,0432,156.0,69.0,4,1.2608695652173914,1,715.1072387695312,78.18509007566115,0.9999785423278809
R-IMPP,3.6486,COC1=CC=C(C=C1)CCC(=O)N(C2CCCNC2)C3=NC=CC4=CC=CC=C43,OKTGXQMSOIQCTJ-UHFFFAOYSA-N,0391,218.916,163.78199999999998,5,0.3366303989449391,1,782.0592041015625,72.00774585199174,0.9999842643737793
ISOPETASOL,4.9542,CC1C(CCC2=CC(=O)C(=C(C)C)CC12C)O,TVDMUSYVWJLIDK-UHFFFAOYSA-N,0390,297.252,182.256,3,0.6309586515670267,1,726.843994140625,59.10374132602523,0.9999593496322632
resveratrol,4.2862,C1=CC(=CC=C1C=CC2=CC(=CC(=C2)O)O)O,LUKBXSAWLPMMSZ-UHFFFAOYSA-N,0390,257.172,161.292,3,0.5944498177218959,1,711.4757690429688,63.853723318514255,0.9999701976776123
Arteannuin B,3.7798,CC1CCC2C(=C)C(=O)OC23C1CCC4(C3O4)C,QWQSMEDUZQDVLA-UHFFFAOYSA-N,0391,226.78799999999998,417.342,3,0.4565895596417327,1,912.500732421875,75.14654049667662,0.9999586343765259
"5,6,2'-Trimethoxyflavone",2.6209,COC1=C(C2=C(C=C1)OC(=CC2=O)C3=CC=CC=C3OC)OC,IQWXFMQSQNSHKI-UHFFFAOYSA-N,0390,157.254,228.41400000000002,5,0.31153957288082174,1,927.6685791015625,83.04847188504553,0.9999792575836182
MEGxp0_001282,3.4547,CC=C(C)C(=O)OC1CC2(C(O2)C3C(O3)C(=C)C(C4C1C(=C)C(=O)O4)O)C,RKAXEWSQYMGBAP-UHFFFAOYSA-N,0390,207.28199999999998,122.574,3,0.6910764109843848,1,758.1353149414062,72.65897051425179,0.9999878406524658
CHEBI:181546,5.5754,CC(=CCOC1=CC=C(C=C1)CCC2=CC(=C(C(=C2)OC)OC)OC)C,MAIBJLULESJFCV-UHFFFAOYSA-N,0390,334.524,228.35399999999998,4,0.4649360203893955,1,969.31396484375,65.48858139540741,0.9999798536300659
Uncarine A,2.409,CC1C2CN3CCC4(C3CC2C(=CO1)C(=O)OC)C5=CC=CC=C5NC4=O,JMIAZDVHNCCPDM-UHFFFAOYSA-N,0390,144.54,114.894,11,0.25802913990286686,1,658.9262084960938,78.06431158203706,0.9999829530715942
NSC59984,0.5168,CN1CCN(CC1)C(=O)C=CC2=CC=C(O2)[N+](=O)[O-],QKTRIGNWBRHBFV-UHFFFAOYSA-N,0391,31.008000000000003,45.798,2,0.32293986636971045,1,618.5274047851562,94.98680256361955,0.999974250793457
MEGxp0_001500,3.5035,CC1C(O1)(C)C(=O)OC2CCC3(CC(=O)C(=C(C)C)CC3C2(C)O)C,COBSHSDADSYWJI-UHFFFAOYSA-N,0390,210.20999999999998,164.808,3,0.2754841997961263,1,732.7354736328125,71.31161141171388,0.9999827146530151
CHEBI:181820,4.3218,CC1CCC2C(C(C13CCC(=O)O3)(C)O)OC(=O)C2=C,IRPFOXRBPHCCTG-UHFFFAOYSA-N,0390,259.308,155.286,9,0.6698736524863799,1,675.291015625,61.60055531613975,0.999962329864502
MEGxp0_001587,3.186,CC1CCCC2=CCC(CC12C)C(=C)C(=O)O,FMWJHXDPCQWVEJ-UHFFFAOYSA-N,0390,191.16,297.12,5,0.35662358642972536,1,938.4171752929688,79.62952884570544,0.9999730587005615
CHEBI:182811,6.2769,CC(C)C(CCC(=O)O)C=CC(=C)CCC(=O)C,BPCRVQOBIAIVSF-UHFFFAOYSA-N,0390,376.61400000000003,236.244,4,0.5941738202874995,1,818.2888793945312,53.9754224353306,0.9999610185623169
CHEMBL491792,6.1064,COC1=C(C=CC(=C1)CCC(CC(CCC2=CC=CC=C2)O)O)O,GGNVNVJXTWDKHG-UHFFFAOYSA-N,0390,366.384,218.51999999999998,5,0.6766611751784736,1,689.7715454101562,46.88328295970248,0.9999830722808838
Cot inhibitor-1,2.9394,C1CCCN(CC1)CCN2C=C(N=N2)CNC3=CC4=C(C(=CN=C4C(=C3)Cl)C#N)NC5=CC(=C(C=C5)F)Cl,ZWFKJFUFYPOTKL-UHFFFAOYSA-N,0391,176.364,235.158,3,0.2500191360702166,1,771.1372680664062,77.12936369393412,0.9999909400939941
H3B-6545,4.7482,CN(C)C(=O)C=CCNCCOC1=NC=C(C=C1)C(=C(CC(F)(F)F)C2=CC=CC=C2)C3=CC4=C(NN=C4C=C3)F,JPFTZIJTXCHJNE-UHFFFAOYSA-N,0391,284.892,212.007,10,0.3437858183927889,1,902.9679565429688,68.44937874753441,0.9999871253967285
SCHEMBL24210583,4.7942,CCC(C)C(C(C)(C=CC1=CC2=CC(=O)C(C(C2CO1)O)(C)O)O)O,ZMOXNUGOJSHBRR-UHFFFAOYSA-N,0390,287.652,149.91,3,0.9188312987792675,1,658.7613525390625,56.334414748026205,0.999982476234436
Guanosine,3.0637509,C1=NC2=C(N1C3C(C(C(O3)CO)O)O)N=C(NC2=O)N,NYHBQMYGNKIUIF-UHFFFAOYSA-N,0263,183.825054,507.507627,2,0.6377885883476585,1,597.3584594726562,69.22701083662908,0.999974250793457
DTXSID90964182,3.075,CC1=CC(=O)C2=C(C3=C(C=C2O1)OC(C3)C(C)(C)O)O,LJSWMDKKEBOERP-UHFFFAOYSA-N,0390,184.5,257.478,4,0.2834339244517978,1,667.9534301757812,72.37831386666488,0.9999682903289795
19970-45-7,1.7605,CCN1C(=C(N2C1=NC3=C2C(=O)N(C(=O)N3C)C)C)C,JKJLETUKWLALKV-UHFFFAOYSA-N,0391,105.63,155.72400000000002,3,0.32168451876396714,1,721.6791381835938,85.3633014436496,0.9999651908874512
Phenylephrine (broad peak),1.93,CNCC(C1=CC(=CC=C1)O)O,SONNWYBIRXJNDC-UHFFFAOYSA-N,0383,115.8,155.1,2,0.25338491295938104,1,597.2682495117188,80.61172679199517,0.999956488609314
6-Dehydropetasol,4.3383,CC1C(CCC2=CC(=O)C(=CC12C)C(=C)C)O,MMDLQPKGJNEWIM-UHFFFAOYSA-N,0390,260.298,203.949,14,0.2762896606504567,1,701.8416137695312,62.912145006341,0.9999734163284302
PHA-680632,2.5062,CCC1=C(C(=CC=C1)CC)NC(=O)N2CC3=C(C2)NN=C3NC(=O)C4=CC=C(C=C4)N5CCN(CC5)C,OBWNXGOQPLDDPS-UHFFFAOYSA-N,0391,150.372,226.098,5,0.3349255632513335,1,706.3073120117188,78.7101170492335,0.9999895095825195
199596-05-9,5.261,C1=CC=C(C=C1)C(=NNC2=NC=C(C=C2)Cl)C3=CC=CC=N3,YHHFKWKMXWRVTJ-UHFFFAOYSA-N,0391,315.66,177.53699999999998,6,0.7779955727538489,1,814.6456298828125,61.25186358080531,0.9999797344207764
CHEBI:181493,3.616,COC1=C(C=CC(=C1)C(C(CO)OC2=C(C=C(C=C2)C(=O)OC)OC)O)O,OMXHMQVMAFLCRB-UHFFFAOYSA-N,0390,216.96,140.019,4,0.5495039958862725,1,694.884765625,68.77755698027718,0.9999816417694092
Aritmina,2.4289,CCC1C2CC3C4C5(CC(C2C5O)N3C1O)C6=CC=CC=C6N4C,CJDRUOGAGYHKKD-UHFFFAOYSA-N,0390,145.734,116.298,9,0.2531083939534644,1,665.701416015625,78.10820339360981,0.9999775886535645
NCGC00380131-01,2.8295,CCCC1=CC2=C(CO1)C(=O)C(C(C2)OC(=O)C3=C(C=C(C=C3C)OC)O)(C)O,PHCSXGHZIAKXHR-UHFFFAOYSA-N,0390,169.76999999999998,226.875,6,0.25170247933884304,1,738.543701171875,77.01287009412991,0.9999818801879883
GarcinoicAcid,2.7645,CC1=CC(=CC2=C1OC(CC2)(C)CCC=C(C)CCC=C(C)CCC=C(C)C(=O)O)O,QOFWRHWADNWKSU-UHFFFAOYSA-N,0390,165.87,351.582,4,0.5282181681656057,1,927.1583862304688,82.10985280795715,0.9999864101409912
KETOLEUCINE,10.5,CC(C)CC(=O)C(=O)O,BKAJNAXTPSGJCU-UHFFFAOYSA-N,0188,630.0,458.1,2,0.3752455795677799,1,649.89208984375,3.0608296599720957,0.027008863165974617
Oxprenolol,17.439529,CC(C)NCC(COC1=CC=CC=C1OCC=C)O,CEMAWMOMDPGJMB-UHFFFAOYSA-N,0262,1046.37174,828.06948,2,0.26362795064008404,1,648.7484130859375,61.290836153674064,0.9998875856399536
Adarotene,5.3325,C1C2CC3CC1CC(C2)(C3)C4=C(C=CC(=C4)C5=CC=C(C=C5)C=CC(=O)O)O,QAWBIEIZDDIEMW-UHFFFAOYSA-N,0391,319.95,234.528,2,0.3642294310274253,1,1088.8096923828125,70.61469949814614,0.9999852180480957
"NCGC00380405-01_C24H35NO5_1H-Cycloundec[d]isoindole-1,12,15-trione, 2,3,3a,4,6a,9,10,11,13,14-decahydro-11,13-dihydroxy-4,5,8-trimethyl-3-(2-methylpropyl)-, (7E)-",2.7175,CC1C2C(NC(=O)C23C(C=C(CCC(C(=O)C(CC3=O)O)O)C)C=C1C)CC(C)C,KBJKWXDTUOJWAI-UHFFFAOYSA-N,0390,163.04999999999998,227.82000000000002,7,0.28430339741901517,1,762.0821533203125,78.6046688943432,0.9999843835830688
Adarotene,2.4851,C1C2CC3CC1CC(C2)(C3)C4=C(C=CC(=C4)C5=CC=C(C=C5)C=CC(=O)O)O,QAWBIEIZDDIEMW-UHFFFAOYSA-N,0391,149.106,234.528,2,0.3642294310274253,1,1088.8096923828125,86.30559582238031,0.9999852180480957
MEGxp0_000577,2.4549,CCCC(=O)OC1CC(C2CC(C(=C2C3C1(C(C(=O)O3)(C)O)O)C)OC(=O)C(=CC)C)(C)OC(=O)C,WEJWYRUDUWBNIB-UHFFFAOYSA-N,0390,147.29399999999998,285.83399999999995,3,0.4846869161821197,1,773.0543823242188,80.94648922923705,0.999976634979248
Perfluorobutyric acid; LC-ESI-ITFT; MS2; CE,19.052,C(=O)(C(C(C(F)(F)F)(F)F)(F)F)O,YPJUNDFVDDCYIH-UHFFFAOYSA-N,0062,1143.12,654.3,2,0.7470884915176524,1,741.11474609375,54.24332143235978,0.9999161958694458
catechin,6.271645922,C1C(C(OC2=CC(=CC(=C21)O)O)C3=CC(=C(C=C3)O)O)O,PFTAWBLQPZVEMU-UHFFFAOYSA-N,0006,376.29875532,569.42723436,2,0.3391627013714301,1,647.0958251953125,41.848063197375446,0.9999781847000122
w/o MS2:S-Adenosyl-L-methionine; LC-ESI-ITFT; MS2; m/z,0.731,C[S+](CCC(C(=O)[O-])N)CC1C(C(C(O1)N2C=NC3=C(N=CN=C32)N)O)O,MEFKEPWMEQBLKI-UHFFFAOYSA-N,0062,43.86,27.63,2,0.5874049945711184,1,644.2853393554688,93.19245723581469,0.9999704360961914
"(1R,2R)-2-PCCA",5.1696,CCCC1=CC=C(C=C1)C2=CC=C(C=C2)N(CC(C(C)CC)N)C(=O)C3CC3C4=CC=CC=N4,OBGKRTYDTRUMGO-UHFFFAOYSA-N,0391,310.176,245.076,4,0.26563188561915485,1,926.9700927734375,66.53872628490393,0.9999840259552002
477873-63-5,2.4028,COC1=CC(=C(C=C1)CCC(=O)O)OC2C(C(C(C(O2)CO)O)O)O,LIVNOUBJFOXZOR-UHFFFAOYSA-N,0390,144.168,100.89,4,0.4289622360987214,1,671.8889770507812,78.54288358281791,0.9999809265136719
CHEBI:181167,2.7522,CC1=C2CC3C(O3)(CCC4C(O4)(CC2OC1=O)C)C,CWAJEURPJYKGRL-UHFFFAOYSA-N,0390,165.132,131.958,8,0.2513981721456828,1,703.566650390625,76.52930253184718,0.9999661445617676
epsilon-momfluorothrin,2.0593,CC(=CC1C(C1(C)C)C(=O)OCC2=C(C(=C(C(=C2F)F)COC)F)F)C#N,DPJITPZADZSLBP-UHFFFAOYSA-N,0391,123.55799999999999,212.37599999999998,2,0.4182110972991298,1,880.10400390625,85.9609774013525,0.9999767541885376
PHENOTHIAZINE,2.3505,C1=CC=C2C(=C1)NC3=CC=CC=C3S2,WJFKNYWRSNBZNX-UHFFFAOYSA-N,0391,141.03,206.214,2,0.31609880997410456,1,918.7045288085938,84.64903616150752,0.9999445676803589
CHEBI:181645,4.3212,CC1=C2CC3C(O3)(CCC4C(O4)(CC2(OC1=O)O)C)C,HHGREWJPFBZWTH-UHFFFAOYSA-N,0390,259.272,190.644,2,0.35997985774532626,1,630.1851806640625,58.857807521466924,0.9999706745147705
DUPA(OtBu)-OH,5.5379,CC(C)(C)OC(=O)CCC(C(=O)OC(C)(C)C)NC(=O)NC(CCC(=O)O)C(=O)OC(C)(C)C,KBDDHSXZOLZZGF-UHFFFAOYSA-N,0391,332.274,260.124,3,0.2773677169350001,1,854.183837890625,61.1004112626928,0.9999866485595703
Benzoic acid,2.7555274,C1=CC=C(C=C1)C(=O)O,WPYMKLBDIGXBTP-UHFFFAOYSA-N,0263,165.331644,482.251662,2,0.6571672903845793,1,722.7583618164062,77.12490747467862,0.999945878982544
Benzoximate,12.06,CCOC(=O)C1=CC=C(C=C1)N,BLFLLBZGZJTVJG-UHFFFAOYSA-N,0045,723.6,553.2,2,0.30802603036876347,1,765.200439453125,5.436541500532339,0.08088669180870056
6-PHOSPHOGLUCONATE,1.59,C(C(C(C(C(C(=O)O)O)O)O)O)OP(=O)(O)O,BIRSGZKFKXLSJQ-UHFFFAOYSA-N,0048,95.4,136.5,2,0.3010989010989011,1,694.1471557617188,86.25651647375645,0.9999816417694092
(S)-3-Hydroxybutyric acid,1.31,CC(CC(=O)O)O,WHBMMWSBFZVSSR-UHFFFAOYSA-N,0048,78.60000000000001,187.8,2,0.5814696485623003,1,667.3060302734375,88.22129631170984,0.9999480247497559
Glutathione (oxidized form),0.95,C(CC(=O)NC(CSSCC(C(=O)NCC(=O)O)NC(=O)CCC(C(=O)O)N)C(=O)NCC(=O)O)C(C(=O)O)N,YPZRWBKMTBYPTK-UHFFFAOYSA-N,0062,57.0,43.14,2,0.32127955493741306,1,667.0357666015625,91.45473108729901,0.9999798536300659
Sulfaethidole,4.81,C1=CC(=CC=C1N)S(=O)(=O)N,FDDDEECHVMSUSB-UHFFFAOYSA-N,0383,288.59999999999997,211.2,2,0.36647727272727265,1,650.0593872070312,55.6040562324675,0.999954104423523
4-Hydroxyvertixanthone,0.9065,CC1=CC(=C2C(=C1)OC3=CC(=CC(=C3C2=O)C(=O)OC)O)O,MJOGVUMPZLEYIH-UHFFFAOYSA-N,0390,54.39,230.916,15,0.7644598035649327,1,795.3359985351562,93.16138083776228,0.9999802112579346
PROCAINAMIDE,0.5132,CCN(CC)CCNC(=O)C1=CC=C(C=C1)N,REQCZEXYDRLIBE-UHFFFAOYSA-N,0391,30.791999999999998,163.875,2,0.8121006864988558,1,619.5068359375,95.02959479802955,0.9999791383743286
Sucrose,0.22,C(C1C(C(C(C(O1)OC2(C(C(C(O2)CO)O)O)CO)O)O)O)O,CZMRCDWAGMRECN-UHFFFAOYSA-N,0062,13.2,90.96,2,0.8548812664907651,1,664.0496826171875,98.01219692659508,0.9999841451644897
2-oxobutanoic acid,1.684481128,CCC(=O)C(=O)O,TYEYBOSBBBHJIV-UHFFFAOYSA-N,0015,101.06886768,142.30416234,2,0.28976871780797697,1,635.8270874023438,84.10434697066549,0.999944806098938
NCGC00380890-01,2.1667,CC1=C2COC(=O)C2=C(C3=C1OC4(CC(C56C(C4C3)(CCC(O5)(OC6(C)CO)OC)C)O)C)OC,LCDHGZGHZZLGHK-UHFFFAOYSA-N,0390,130.002,222.08999999999997,5,0.41464271241388617,1,745.6123046875,82.56439718299899,0.9999879598617554
epsilon-momfluorothrin,5.0199,CC(=CC1C(C1(C)C)C(=O)OCC2=C(C(=C(C(=C2F)F)COC)F)F)C#N,DPJITPZADZSLBP-UHFFFAOYSA-N,0391,301.19399999999996,212.37599999999998,2,0.4182110972991298,1,880.10400390625,65.77745372556178,0.9999767541885376
MEGxp0_000697,1.0547,CC(=O)NCCCCNC(=O)C=CC1=CC(=C(C=C1)O)OC,ZVMGKOAHBAIHLO-UHFFFAOYSA-N,0390,63.282,96.71400000000001,5,0.34567901234567916,1,660.6000366210938,90.42052732487248,0.9999833106994629
troxipide,1.5134,COC1=CC(=CC(=C1OC)OC)C(=O)NC2CCCNC2,YSIITVVESCNIPR-UHFFFAOYSA-N,0391,90.804,154.76999999999998,2,0.41329715061058336,1,654.156982421875,86.11892826339364,0.9999823570251465
NCGC00347491-02,2.5412,CC1=CC(=O)C(C2(C1CC3C45C2C(C(C(=C)C4(C(C(=O)O3)O)O)O)(OC5)O)C)O,UCUWZJWAQQRCOR-UHFFFAOYSA-N,0390,152.47199999999998,115.887,4,0.31569546195863196,1,698.1669311523438,78.16109683849668,0.9999865293502808
czc-25146,3.3075,COC1=C(C=CC(=C1)N2CCOCC2)NC3=NC=C(C(=N3)NC4=CC=CC=C4NS(=O)(=O)C)F,XXHHOTZUJIXPJX-UHFFFAOYSA-N,0391,198.45000000000002,150.834,3,0.31568479255340315,1,725.7770385742188,72.65689193063301,0.9999878406524658
"3-oxo-2,11-dioxatricyclo[5.4.0.04,8]undeca-5,9-diene-10-carboxamide",0.5107,C1=CC2C3C1C(OC(=C3)C(=O)N)OC2=O,NBVNAFAEYGKTPJ-UHFFFAOYSA-N,0390,30.642000000000003,58.344,3,0.4748046071575483,1,605.115478515625,94.93617316232495,0.9999591112136841
,1.4,C(C1C(C(C(C(O1)O)O)O)O)O,WQZGKKKJIJFFOK-UHFFFAOYSA-N,0435,84.0,204.0,5,0.5882352941176471,1,715.1072387695312,88.25351004074062,0.9999785423278809
Daphnetin-8-glucoside,2.8862,C1=CC(=C(C2=C1C=CC(=O)O2)OC3C(C(C(C(O3)CO)O)O)O)O,MMPBHSBVPREJQC-UHFFFAOYSA-N,0390,173.172,80.028,3,1.163892637576848,1,601.6510620117188,71.21720363611242,0.9999899864196777
BAMB-4,5.4322,CC1=CC=C(C=C1)C(=O)NC2=NOC3=CC=CC=C32,IEPCQLHHUYRTEY-UHFFFAOYSA-N,0391,325.932,230.742,3,0.4125386795641887,1,846.3309326171875,61.48882340952725,0.9999691247940063
895158-95-9,4.5482,C1=CN2C3=C(C=C(C=C3)F)N=C(C2=C1)NNC(=O)C4=NC=CN=C4,UEADAWQSJOWXBK-UHFFFAOYSA-N,0391,272.892,200.25,3,0.36275655430711606,1,648.451171875,57.916337908538075,0.9999889135360718
302776-68-7,2.1653,CCCCCCOC(=O)C1=CC=CC=C1C(=O)C2=C(C=C(C=C2)N(CC)CC)O,FDATWRLUYRHCJE-UHFFFAOYSA-N,0391,129.91799999999998,191.04299999999998,4,0.3199541464487053,1,956.976806640625,86.42412239267692,0.9999773502349854
"4H-1-Benzopyran-4-one, 2-(2,6-dihydroxyphenyl)-2,3-dihydro-5,7-dihydroxy-, (2S)-",2.4126,C1C(OC2=CC(=CC(=C2C1=O)O)O)C3=C(C=CC=C3O)O,TWELZOKMSAJRKP-UHFFFAOYSA-N,0390,144.756,208.578,3,0.30598624974829564,1,680.7435913085938,78.7356059097471,0.999976634979248
BS-1460,1.3425,CC=C1CC2C(=O)NC3=CC(=C(C=C3C(=O)N2C1)OC)O,KXUMNEWSLYWWIA-UHFFFAOYSA-N,0390,80.55,107.65800000000002,2,0.2517973583012875,1,620.78076171875,87.02440459382441,0.9999847412109375
(-)-quinic acid,9.11255196,C1C(C(C(CC1(C(=O)O)O)O)O)O,AAWZDTNXLSGCEK-UHFFFAOYSA-N,0015,546.7531176,115.44501288000001,3,3.736047958765665,1,659.0556640625,17.039918262784255,0.8219104409217834
Echinatin,4.8099,COC1=C(C=CC(=C1)O)C=CC(=O)C2=CC=C(C=C2)O,QJKMIJNRNRLQSS-UHFFFAOYSA-N,0391,288.594,172.602,3,0.6720200229429554,1,814.8443603515625,64.58292969279594,0.9999710321426392
4-Hydroxyvertixanthone,5.2191,CC1=CC(=C2C(=C1)OC3=CC(=CC(=C3C2=O)C(=O)OC)O)O,MJOGVUMPZLEYIH-UHFFFAOYSA-N,0390,313.146,230.916,15,0.3561035181624488,1,795.3359985351562,60.62720654204639,0.9999802112579346
MEGxp0_001357,3.6401,COC1=CC(=O)OC1=C(C2C(O2)C3=CC=CC=C3)OC,RTNGMIUMJUOABT-UHFFFAOYSA-N,0390,218.406,173.67600000000002,9,0.25754853865819105,1,739.1982421875,70.45366350524944,0.9999617338180542
14-Isoeburnamine,2.5611,CCC12CCCN3C1C4=C(CC3)C5=CC=CC=C5N4C(C2)O,HONLKDDLTAZVQV-UHFFFAOYSA-N,0390,153.666,119.769,8,0.283019813140295,1,784.4915771484375,80.41202678573514,0.9999752044677734
Luvangetin,2.5436,CC1(C=CC2=C(O1)C(=C3C(=C2)C=CC(=O)O3)OC)C,XYPWCJWXFYYGPA-UHFFFAOYSA-N,0390,152.616,210.20100000000002,6,0.2739520744430331,1,835.5127563476562,81.7338515970549,0.9999657869338989
Samuraciclib,2.6908,CC(C)C1=C2N=C(C=C(N2N=C1)NCC3=CC=CC=C3)NCC4CCNCC4O,YCVGLKWJKIKVBI-UHFFFAOYSA-N,0391,161.44799999999998,127.81800000000001,3,0.26310848237337436,1,635.772216796875,74.6059994861994,0.9999819993972778
MEGxp0_001669,1.9922,CCC(C)C(=O)OC1C2C(CC(=O)C(C1(C(=O)C=CC)O)C)C(=C)C(=O)O2,DFGOIVFBKDWNBI-UHFFFAOYSA-N,0390,119.532,215.175,4,0.44448936911815967,1,799.1741943359375,85.04306059340124,0.9999799728393555
LL-Z1272.Episilon,2.0581,CC1CCC(=O)C(C1(C)CCC(=CCC2=C(C=C(C(=C2O)C=O)C)O)C)C,JSPPDMSCDGJJOM-UHFFFAOYSA-N,0390,123.486,216.048,2,0.42843257053988,1,912.20947265625,86.46297767108,0.9999837875366211
Achalensolide,4.603,CC1CC2C(CC3=C(C(=O)CC13)C)C(=C)C(=O)O2,UQNONRHPSCIIJO-UHFFFAOYSA-N,0390,276.18,154.764,3,0.7845235326044816,1,802.7443237304688,65.59552128421765,0.9999719858169556
docosanoic acid (Behenic),17.74,CCCCCCCCCCCCCCCCCCCCCC(=O)O,UKMSUNONTOPOIO-UHFFFAOYSA-N,0011,1064.3999999999999,732.0,2,0.4540983606557375,1,1092.8985595703125,2.607612510855282,0.01691121980547905
"NCGC00381109-01!1,3,6,8-tetrahydroxy-2-(methoxymethyl)anthracene-9,10-dione",3.5549,COCC1=C(C=C2C(=C1O)C(=O)C3=C(C2=O)C=C(C=C3O)O)O,FXFRDTNUZHPKAI-UHFFFAOYSA-N,0390,213.29399999999998,162.438,4,0.31307945185239905,1,610.4134521484375,65.05745421414268,0.9999842643737793
guanine,3.62,C1=NC2=C(N1)C(=O)NC(=N2)N,UYTPUPDQBNUYGX-UHFFFAOYSA-N,0025,217.20000000000002,136.5,2,0.5912087912087913,1,691.3158569335938,68.58165514047167,0.9999547004699707
MEGxm0_000194,2.4552,CC1=C(C(=C(C(=C1Cl)OC)C(=O)C2=C(C=C(C=C2O)O)C(=O)OC)O)Cl,IPUONOHBPFSQMA-UHFFFAOYSA-N,0390,147.312,198.87600000000003,2,0.2592771375128221,1,860.3617553710938,82.87790001352849,0.999980092048645
"3-hydroxy-3,8-dimethyl-5-(propan-2-ylidene)-1,2,3,3a,4,5,6,8a-octahydroazulen-6-one",4.9541,CC1=CC(=O)C(=C(C)C)CC2C1CCC2(C)O,RHBOHEXDGUVIIY-UHFFFAOYSA-N,0390,297.24600000000004,183.32999999999998,7,0.6213712976599578,1,797.13818359375,62.71085664722251,0.9999620914459229
,1.2,C(C(C(C(CO)O)O)O)O,HEBKCHPVOIAQTA-UHFFFAOYSA-N,0435,72.0,120.0,2,0.4,1,690.1847534179688,89.56801064592663,0.9999724626541138
physostigmine,1.4345,CC12CCN(C1N(C3=C2C=C(C=C3)OC(=O)NC)C)C,PIJVFDBKTWXHHD-UHFFFAOYSA-N,0390,86.07000000000001,161.649,2,0.46755006217174244,1,612.4984130859375,85.94771869426478,0.9999794960021973
"3,4-Dimethoxybenzaldehyde",2.1808,COC1=C(C=C(C=C1)C=O)OC,WJUFSDZVCOTFON-UHFFFAOYSA-N,0391,130.848,194.043,2,0.32567523693202016,1,721.0069580078125,81.85204753619283,0.9999442100524902
Machilin D,2.8059,CC=CC1=CC(=C(C=C1)OC(C)C(C2=CC(=C(C=C2)O)OC)O)OC,WCFYXOLUODJLKB-UHFFFAOYSA-N,0390,168.35399999999998,241.284,3,0.3022579201273189,1,766.05126953125,78.02314196241505,0.9999784231185913
NCGC00385307-01,2.9728,C1CN2CC=CC34C2C5(C1C6=CC7=C(C=C6N5C(=O)C3)OCO7)CC4,DTBOGXTYLFTPCH-UHFFFAOYSA-N,0390,178.368,100.794,3,0.76962914459194,1,751.4097290039062,76.26221845218181,0.9999837875366211
Omeprazole,7.57,CC1=CN=C(C(=C1OC)C)CS(=O)C2=NC3=C(N2)C=C(C=C3)OC,SUBDBMMJDZJVOS-UHFFFAOYSA-N,0063,454.20000000000005,286.8,3,0.5836820083682009,1,702.3871459960938,35.33480750763539,0.9999837875366211
"NCGC00380250-01_C21H23NO8_(2E)-4-({(3S,3aR,4E,7aS)-7-Hydroxy-4-[(2E,4E)-1-hydroxy-2,4-hexadien-1-ylidene]-3,6,7a-trimethyl-2,5-dioxo-2,3,3a,4,5,7a-hexahydro-1-benzofuran-3-yl}amino)-4-oxo-2-butenoic acid",3.3298,CC=CC=CC(=C1C2C(C(=O)C(=C1O)C)(OC(=O)C2(C)NC(=O)C=CC(=O)O)C)O,JACNBJFTXZEQNC-UHFFFAOYSA-N,0390,199.788,159.018,4,0.25638606950156595,1,785.41162109375,74.56263764957043,0.9999834299087524
Marmesin,5.8514,CC(C)(C1CC2=C(O1)C=C3C(=C2)C=CC(=O)O3)O,FWYSBEAFFPBAQU-UHFFFAOYSA-N,0390,351.084,148.07999999999998,3,1.3709076175040522,1,661.9546508789062,46.96252990535675,0.9999725818634033
NCGC00385708-01,2.0926,COC1=CC2=C(C=C1)C3CC[N+]4(CC=CC56C4(C3CC5)N2C(=O)C6)[O-],PARYYOVLIFKGOF-UHFFFAOYSA-N,0390,125.556,93.288,6,0.34589657833804993,1,834.4929809570312,84.95421736729203,0.9999805688858032
Bavachinin,3.2216,CC(=CCC1=CC2=C(C=C1OC)OC(CC2=O)C3=CC=C(C=C3)O)C,VOCGSQHKPZSIKB-UHFFFAOYSA-N,0390,193.296,289.026,3,0.33121587677233194,1,864.6163330078125,77.64372559010478,0.9999850988388062
TRPM8 antagonist 2,5.7349,COC(=O)C(CC1=CNC2=CC=CC=C21)N(CC3=CC=CC=C3)CC4=CC=CC=C4,HHVOOJDLCVOLKI-UHFFFAOYSA-N,0391,344.094,274.75800000000004,2,0.25235297971305637,1,881.1416015625,60.94906886817859,0.9999790191650391
CHEBI:181375,4.2487,CC(=O)OCC1(CC2C1CC(=O)C(=CCCC2=C)CO)C,KAMJEJATROMPAT-UHFFFAOYSA-N,0390,254.92200000000003,202.449,6,0.2591912037105642,1,705.0213623046875,63.841946694115784,0.9999746084213257
Sulfaethidole,4.81,C1=CC(=CC=C1N)S(=O)(=O)N,FDDDEECHVMSUSB-UHFFFAOYSA-N,0382,288.59999999999997,211.2,2,0.36647727272727265,1,650.0593872070312,55.6040562324675,0.999954104423523
Guanosine,1.08,C1=NC2=C(N1C3C(C(C(O3)CO)O)O)N=C(NC2=O)N,NYHBQMYGNKIUIF-UHFFFAOYSA-N,0062,64.80000000000001,50.04,3,0.2949640287769787,1,597.3584594726562,89.15224201274307,0.999974250793457
MEGxp0_001661,1.8797,CC1C(=O)C=CC2=CCC(CC12C)C(=C)C(=O)OC,JGZDPLNVUOFETD-UHFFFAOYSA-N,0390,112.782,257.697,4,0.5623464766760964,1,825.3043212890625,86.33449539875872,0.9999674558639526
Murrangatin,1.7502,CC(=C)C(C(C1=C(C=CC2=C1OC(=O)C=C2)OC)O)O,DKEANOQWICTXTP-UHFFFAOYSA-N,0390,105.012,165.68399999999997,8,0.36619106250452654,1,668.0117797851562,84.27991793291825,0.9999767541885376
Adenosine-5'-monophosphate sodium salt,0.39,C1=NC(=C2C(=N1)N(C=N2)C3C(C(C(O3)COP(=O)(O)O)O)O)N,UDMBCSSLTHHNCD-UHFFFAOYSA-N,0062,23.400000000000002,32.94,2,0.2896174863387977,1,589.9880981445312,96.0338182967434,0.999982476234436
NCGC00385616-01,4.9439,CC1(CCC2C1CC3C(CC2=C)OC(=O)C3=C)O,GTYUWNQOOLJZBM-UHFFFAOYSA-N,0390,296.634,224.322,3,0.3223580388905235,1,649.561767578125,54.33321128089288,0.999963641166687
"3,8'-Biapigenin",1.4617,C1=CC(=CC=C1C2=CC(=O)C3=C(O2)C(=C(C=C3O)O)C4=C(OC5=CC(=CC(=C5C4=O)O)O)C6=CC=C(C=C6)O)O,IQAMTZLKUHMPPE-UHFFFAOYSA-N,0390,87.702,184.11599999999999,3,0.5236589975884768,1,949.5701293945312,90.7640312931999,0.9999819993972778
5192-62-1,1.1645,CC1=CC(=C(C(=O)O1)C)O,VVBIGJOVPZMWGU-UHFFFAOYSA-N,0390,69.87,105.58200000000001,3,0.33823947263738136,1,675.91357421875,89.66287959510818,0.9999499320983887
"5,6,2'-Trimethoxyflavone",2.6812,COC1=C(C2=C(C=C1)OC(=CC2=O)C3=CC=CC=C3OC)OC,IQWXFMQSQNSHKI-UHFFFAOYSA-N,0390,160.872,228.41400000000002,5,0.2956999133152959,1,927.6685791015625,82.65846190933803,0.9999792575836182
w/o MS2:L-(+)-Rhamnose; LC-ESI-QTOF; MS2; CE,0.585,CC1C(C(C(C(O1)O)O)O)O,SHZGCJCMOBCMKK-UHFFFAOYSA-N,0062,35.099999999999994,138.32999999999998,2,0.7462589459986988,1,666.487548828125,94.73358503670237,0.999972939491272
Nomegestrol acetate,2.3556,CC1=CC2C(CCC3(C2CCC3(C(=O)C)OC(=O)C)C)C4C1=CC(=O)CC4,IIVBFTNIGYRNQY-UHFFFAOYSA-N,0391,141.33599999999998,201.039,2,0.29697222926894784,1,1043.212646484375,86.45185135779344,0.9999749660491943
"9,10-Dihydro-9-oxa-10-phosphaphenanthrene-10-oxide",10.143087,C1=CC=C2C(=C1)C3=CC=CC=C3[P+](=O)O2,DWSWCPPGLRSPIT-UHFFFAOYSA-N,0262,608.5852199999999,486.626271,2,0.25062138291337743,1,1108.83984375,45.115137823527554,0.9999011754989624
Metoprolols<e4>ure,13.475296,CC(C)NCC(COC1=CC=C(C=C1)CC(=O)O)O,PUQIRTNPJRFRCZ-UHFFFAOYSA-N,0262,808.51776,465.08626799999996,3,0.7384253538098442,1,604.6886596679688,33.708106985825175,0.9999147653579712
ciproxifan,1.5708,C1CC1C(=O)C2=CC=C(C=C2)OCCCC3=CN=CN3,ACQBHJXEAYTHCY-UHFFFAOYSA-N,0391,94.248,133.764,3,0.2954158069435723,1,723.1847534179688,86.96764560445193,0.999961256980896
"NCGC00386013-01!5,7,9-trimethoxy-2-methylbenzo[h]chromen-4-one",5.0036,CC1=CC(=O)C2=C(C=C3C(=CC(=CC3=C2O1)OC)OC)OC,DKGUEFRDUTUORF-UHFFFAOYSA-N,0390,300.21599999999995,197.40599999999998,3,0.5208048387587003,1,896.5179443359375,66.51310752933408,0.999977707862854
Gravelliferone,6.8381,CC(=CCC1=C(C=C2C(=C1)C=C(C(=O)O2)C(C)(C)C=C)O)C,HEPYYVMIJBDNIM-UHFFFAOYSA-N,0390,410.286,325.902,3,0.25892446195482083,1,892.410888671875,54.024989474231354,0.9999814033508301
methyl-glucuronide,2.43,COC(=O)C1=COC(C2C1CC=C2CO)O,AZKVWQKMDGGDSV-UHFFFAOYSA-N,0001,145.8,554.6999999999999,2,0.7371552190373174,1,653.0347290039062,77.67346918556794,0.9999603033065796
,2.8,C(C(C(C(CO)O)O)O)O,HEBKCHPVOIAQTA-UHFFFAOYSA-N,0435,168.0,120.0,2,0.4,1,690.1847534179688,75.65869150716215,0.9999724626541138
6-Dehydropetasol,1.8671,CC1C(CCC2=CC(=O)C(=CC12C)C(=C)C)O,MMDLQPKGJNEWIM-UHFFFAOYSA-N,0390,112.026,203.949,14,0.450715620081491,1,701.8416137695312,84.03827903587565,0.9999734163284302
GSK4028,2.4299,CN1CC(CC(C1)NC2=C(C(=O)N(N=C2)C)Br)C3=CC=CC=C3,VZAFGXCWAWRULT-UHFFFAOYSA-N,0391,145.79399999999998,115.77,4,0.2593417983933661,1,623.9766845703125,76.63470389115616,0.9999778270721436
Valbenazine,2.9772,CC(C)CC1CN2CCC3=CC(=C(C=C3C2CC1OC(=O)C(C(C)C)N)OC)OC,GEJDGVNQKABXKG-UHFFFAOYSA-N,0391,178.632,138.024,2,0.2942097026604069,1,775.5355834960938,76.9666274763652,0.9999829530715942
Murrangatin,1.7537,CC(=C)C(C(C1=C(C=CC2=C1OC(=O)C=C2)OC)O)O,DKEANOQWICTXTP-UHFFFAOYSA-N,0390,105.22200000000001,165.68399999999997,8,0.3649235894835951,1,668.0117797851562,84.2484813615351,0.9999767541885376
o-Toluidine,13.489056,CC1=CC=CC=C1N,RNVCVTLRINQCPJ-UHFFFAOYSA-N,0262,809.34336,555.932469,2,0.45583034834398206,1,635.1865844726562,27.41820746606793,0.9998838901519775
Hernagine,2.1795,COC1=C(C2=C3C(CC4=C2C(=C(C=C4)O)OC)NCCC3=C1)OC,MULATNABYLUECQ-UHFFFAOYSA-N,0390,130.77,103.122,4,0.26810961773433417,1,635.5283813476562,79.42342091431095,0.9999856948852539
NCGC00381326-01,1.7894,CC=CC1=CC2=CC(=O)C(C(C2CO1)OC(=O)C3=C(C=C(C=C3C)O)O)(C)O,HNVJWWBKFFDQAA-UHFFFAOYSA-N,0390,107.364,234.99,5,0.543112472871186,1,722.997314453125,85.15015230987267,0.9999909400939941
CHEBI:181375,4.9888,CC(=O)OCC1(CC2C1CC(=O)C(=CCCC2=C)CO)C,KAMJEJATROMPAT-UHFFFAOYSA-N,0390,299.32800000000003,202.449,6,0.4785353348250671,1,705.0213623046875,57.543414142585924,0.9999746084213257
"6-ethyl-2,4-dihydroxy-3-methylbenzaldehyde",3.2698,CCC1=CC(=C(C(=C1C=O)O)C)O,IZEZSOSPEGKVRG-UHFFFAOYSA-N,0390,196.188,152.631,2,0.28537453073097857,1,682.615234375,71.25935810975139,0.9999550580978394
DMAPT,3.609,CC1=CCCC2(C(O2)C3C(CC1)C(C(=O)O3)CN(C)C)C,UJNSFDHVIBGEJZ-UHFFFAOYSA-N,0391,216.54,165.012,2,0.31226819867645983,1,698.1884765625,68.98545202777836,0.999981164932251
Citraconic acid,0.536,CC(=CC(=O)O)C(=O)O,HNEGQIOMVPPMNR-UHFFFAOYSA-N,0315,32.160000000000004,51.150000000000006,2,0.3712609970674487,1,640.1133422851562,94.97588975646232,0.9999479055404663
METHYLMALONATE,3.652988,CC(C(=O)O)C(=O)O,ZIYVHBGGAOATLY-UHFFFAOYSA-N,0392,219.17928,165.25884,3,0.32627870315439716,1,664.2529907226562,67.0036442347742,0.9999629259109497
galanthamine,0.7704,CN1CCC23C=CC(CC2OC4=C(C=CC(=C34)C1)OC)O,ASUTZQLVASHGKV-UHFFFAOYSA-N,0390,46.224,67.944,7,0.3196750264924056,1,622.4491577148438,92.57385130543044,0.9999750852584839
3-Ethoxy-4-hydroxybenzaldehyde,2.1598,CCOC1=C(C=CC(=C1)C=O)O,CBOQJANXLMLOSS-UHFFFAOYSA-N,0391,129.58800000000002,193.233,2,0.3293692071230068,1,696.113037109375,81.38405789121303,0.9999610185623169
1800405-30-4,2.5722,CC(C)C1=NC2=C(N1)C(=O)C(=O)C3=CC=CC=C32,AJFWITSBVLLDCC-UHFFFAOYSA-N,0391,154.332,99.714,3,0.5477465551477224,1,712.3323974609375,78.33427195644809,0.9999651908874512
CHEBI:182206,4.3197,CC=CC1=C(C(=O)C2(C(C1O)O2)C(C=C(C)C)O)CO,FSYVGCMCWALMCX-UHFFFAOYSA-N,0390,259.182,202.971,2,0.2769410408383464,1,572.54736328125,54.73178000250729,0.9999624490737915
GSK583,3.1563,CC(C)(C)S(=O)(=O)C1=CC2=C(C=CN=C2C=C1)NC3=NNC4=C3C=C(C=C4)F,XLOGLWKOHPIJLV-UHFFFAOYSA-N,0391,189.378,150.34799999999998,3,0.2595977332588395,1,824.0009765625,77.01726024767208,0.9999817609786987
MLS000876834,3.0873,CC1CC2C(O2)C=CC=CC(=O)CC3=C(C(=CC(=C3Cl)O)O)C(=O)O1,WYZWZEOGROVVHK-UHFFFAOYSA-N,0390,185.238,129.816,3,0.42692734331669435,1,740.3162841796875,74.97853228971529,0.9999812841415405
Phomenone,3.3112,CC1C(CCC2=CC(=O)C3(C(C12C)O3)C(=C)CO)O,WKZMDQXEUJZALS-UHFFFAOYSA-N,0390,198.672,110.51400000000001,5,0.7977088875617567,1,638.1332397460938,68.86668995975677,0.9999803304672241
PALMITATE,12.32,CCCCCCCCCCCCCCCC(=O)O,IPCSVZSSVZVIGE-UHFFFAOYSA-N,0048,739.2,390.3,2,0.8939277478862414,1,1057.584228515625,30.104857838367533,0.999915599822998
N-(9-oxodecyl)acetamide,3.8672,CC(=O)CCCCCCCCNC(=O)C,JRJBWKJICGFLDP-UHFFFAOYSA-N,0390,232.032,167.724,5,0.38341561136152263,1,703.8771362304688,67.03515598721957,0.9999643564224243
"NCGC00380474-01!5-hydroxy-2-(4-hydroxyphenyl)-7-[[(2R,3S)-3,5,8-trihydroxy-2-(4-hydroxyphenyl)-3,4-dihydro-2H-chromen-7-yl]oxy]chromen-4-one",4.6449,C1C(C(OC2=C1C(=CC(=C2O)OC3=CC(=C4C(=C3)OC(=CC4=O)C5=CC=C(C=C5)O)O)O)C6=CC=C(C=C6)O)O,JDRLMOFOBWKOPI-UHFFFAOYSA-N,0390,278.69399999999996,209.781,4,0.3284997211377577,1,861.6388549804688,67.65535834542683,0.999985933303833
Hexose,10.291,C(C1C(C(C(C(O1)O)O)O)O)O,WQZGKKKJIJFFOK-UHFFFAOYSA-N,0438,617.46,86.34,4,6.151494093120222,1,715.1072387695312,13.654908449472641,0.7655300498008728
"3,4-Dimethoxybenzaldehyde",4.2873,COC1=C(C=C(C=C1)C=O)OC,WJUFSDZVCOTFON-UHFFFAOYSA-N,0391,257.238,194.043,2,0.32567523693202016,1,721.0069580078125,64.32239701115164,0.9999442100524902
LYSINE,0.49,C(CCN)CC(C(=O)O)N,KDXKERNSBIXSRK-UHFFFAOYSA-N,0195,29.4,74.4,2,0.6048387096774194,1,595.35595703125,95.06177780657417,0.9999451637268066
TY-52156,4.0404,CC(C)(C)C(=O)C(=NC1=CC=C(C=C1)Cl)NNC2=CC=C(C=C2)Cl,XONRRGIRSGNWFP-UHFFFAOYSA-N,0391,242.424,330.276,3,0.26599571267667044,1,1009.3343505859375,75.98179435196391,0.999984860420227
CHR-6494,1.1315,CCCNC1=NN2C(=NC=C2C3=CC4=C(C=C3)NN=C4)C=C1,CZZCAOGIEGXMBZ-UHFFFAOYSA-N,0391,67.89,126.864,4,0.46486000756715856,1,749.6210327148438,90.94342380520887,0.9999750852584839
Beijinchrome D,2.571,CC(=O)C1=C(C=C2C=CC=C3C2=C1CC(O3)(C)O)O,JRWJBFDOAUKNJA-UHFFFAOYSA-N,0390,154.26000000000002,205.96500000000003,2,0.2510377976840726,1,666.3316040039062,76.84936462970235,0.9999650716781616
CYTIDINE MONOPHOSPHATE,1.12,C1C2C(C(C(O2)N3C=NC4=C(N=CN=C43)N)O)OP(=O)(O1)O,IVOMOUWHDPKRLL-UHFFFAOYSA-N,0181,67.2,117.0,2,0.4256410256410256,1,586.8348999023438,88.54873832296222,0.9999833106994629
Acetovanillone,1.8255,CC(=O)C1=CC(=C(C=C1)O)OC,DFYRUELUNQRZTB-UHFFFAOYSA-N,0391,109.53,183.34499999999997,2,0.4026016526221058,1,687.0057373046875,84.05690170365733,0.999956488609314
3367-88-2,2.88,C1=CC=C2C(=C1)C(=CC3=CC=CC=N3)C(=O)N2,YKQONSWBHGBDSB-UHFFFAOYSA-N,0391,172.79999999999998,130.05,2,0.32871972318339077,1,715.4635009765625,75.84782455511163,0.9999698400497437
Nicaraven,0.8009,CC(CNC(=O)C1=CN=CC=C1)NC(=O)C2=CN=CC=C2,KTXBOOWDLPUROC-UHFFFAOYSA-N,0391,48.053999999999995,98.106,3,0.5101828634334292,1,617.8195190429688,92.22200035466057,0.9999786615371704
VS-5584,1.6401,CC1=NC2=C(N=C(N=C2N1C(C)C)N3CCOCC3)C4=CN=C(N=C4)N,QYBGBLQCOOISAR-UHFFFAOYSA-N,0391,98.40599999999999,165.06,3,0.40381679389312986,1,688.612548828125,85.70952560079445,0.9999825954437256
7-(2-aminophenyl)heptanoic acid,2.3285,C1=CC=C(C(=C1)CCCCCCC(=O)O)N,ZFXXVVRQQNCNDM-UHFFFAOYSA-N,0390,139.71,193.15800000000002,4,0.2767061162364489,1,727.3861083984375,80.79286937337665,0.9999266862869263
NCGC00380702-01,1.4291,CC=C(C)C(=O)OC1C(C2C(C3C(=CC(=O)C3=C1C)C)OC(=O)C2=C)O,PHMGTWLYHMQYHV-UHFFFAOYSA-N,0390,85.74600000000001,176.529,6,0.5142667776965824,1,744.5149536132812,88.4829714186589,0.9999867677688599
Acetovanillone,4.286,CC(=O)C1=CC(=C(C=C1)O)OC,DFYRUELUNQRZTB-UHFFFAOYSA-N,0391,257.15999999999997,183.34499999999997,2,0.4026016526221059,1,687.0057373046875,62.567998193303396,0.999956488609314
,0.750444444,C(C1C(C(C(C(O1)O)O)O)O)O,WQZGKKKJIJFFOK-UHFFFAOYSA-N,0401,45.02666664,257.4,7,0.8250712251748251,1,715.1072387695312,93.70350848112287,0.9999785423278809
QUINATE,1.422,C1C(C(C(CC1(C(=O)O)O)O)O)O,AAWZDTNXLSGCEK-UHFFFAOYSA-N,0346,85.32,60.3,2,0.4149253731343283,1,659.0556640625,87.05420427250758,0.9999668598175049
Benzoximate,15.951924,CCON=C(C1=C(C=CC(=C1OC)Cl)OC)OC(=O)C2=CC=CC=C2,BZMIHNKNQJJVRO-UHFFFAOYSA-N,0262,957.11544,707.817087,2,0.35220731115240794,1,991.8663330078125,3.503586305065034,0.059248797595500946
(+)-Tetrabenazine,1.6051,CC(C)CC1CN2CCC3=CC(=C(C=C3C2CC1=O)OC)OC,MKJIEFSOBYUXJB-UHFFFAOYSA-N,0391,96.306,132.65699999999998,12,0.2740224790248535,1,735.6748657226562,86.9091626631286,0.9999818801879883
CHIR-090,1.5806,CC(C(C(=O)NO)NC(=O)C1=CC=C(C=C1)C#CC2=CC=C(C=C2)CN3CCOCC3)O,FQYBTYFKOHPWQT-UHFFFAOYSA-N,0391,94.836,147.654,2,0.3577146572392214,1,656.7032470703125,85.55877400894806,0.9999852180480957
SCHEMBL20960789,4.4148,CC(=CCC1=C(C=CC(=C1OC)C2COC3=C(C2=O)C(=C4C=CC(OC4=C3)(C)C)O)O)C,QJFJALJGKXGWFO-UHFFFAOYSA-N,0390,264.888,354.402,10,0.25257758139062425,1,848.1585083007812,68.76904524241793,0.9999831914901733
,2.6,C(C1C(C(C(C(O1)O)O)O)O)OP(=O)(O)O,NBSCHQHZLSJFNQ-UHFFFAOYSA-N,0435,156.0,117.0,2,0.3333333333333333,1,690.4391479492188,77.40568441645293,0.9999806880950928
NCGC00385292-01,4.7143,CC(C)C1=CC2=C(C=C1)C3(CCCC(C3C(C2O)O)(C)C(=O)OC)C,OOJGKIYLKJDMTJ-UHFFFAOYSA-N,0390,282.858,206.832,2,0.36757368298909265,1,749.1512451171875,62.24287127017277,0.9999834299087524
SK1-IN-1,6.1234,CC(C1=CC=C(C=C1)C2=NOC(=N2)CCC3CCCC3)NC(=O)C4C(CCN4)O,GDJANRNMFHNVOW-UHFFFAOYSA-N,0391,367.404,216.216,4,0.6992451992451991,1,685.6138305664062,46.41239957244204,0.9999819993972778
,1.8,C(C1C(C(C(C(O1)O)O)O)O)O,WQZGKKKJIJFFOK-UHFFFAOYSA-N,0435,108.0,204.0,5,0.47058823529411764,1,715.1072387695312,84.8973700523808,0.9999785423278809
DIMINAZENE,0.628,C1=CC(=CC=C1C(=N)N)NN=NC2=CC=C(C=C2)C(=N)N,XNYZHCFCZNMTFY-UHFFFAOYSA-N,0391,37.68,148.42800000000003,2,0.7461395424043981,1,673.3582153320312,94.40416718144293,0.9999680519104004
CHEBI:181989,3.0115,CC1C2C(NC(=O)C23C(C=C(CCC4C(CCC3=O)OC(O4)(C)C)C)C=C1C)CC(C)C,LSWAGZSQKSSVQE-UHFFFAOYSA-N,0390,180.69,262.428,2,0.3114682884448306,1,787.01171875,77.04100260578235,0.9999843835830688
(Z)-9-Propenyladenine,0.7092,CC=CN1C=NC2=C(N=CN=C21)N,ACWCANXGLNLMJB-UHFFFAOYSA-N,0391,42.55200000000001,61.596,3,0.30917592051431897,1,603.343505859375,92.94730123275448,0.9999693632125854
Acyclovir,3.13165625,C1=NC2=C(N1COCCO)N=C(NC2=O)N,MKUXAQIIEYXACX-UHFFFAOYSA-N,0263,187.899375,545.9679075,2,0.6558417217957083,1,591.0824584960938,68.2109708553901,0.9999738931655884
Chloridazon,18.172792,C1=CC=C(C=C1)N2C(=O)C(=C(C=N2)N)Cl,WYKYKTKDBLFHCY-UHFFFAOYSA-N,0263,1090.36752,557.530926,3,0.9557076910922785,1,646.5996704101562,68.63100460727878,0.9998724460601807
NCGC00385290-01,2.3716,CC1CCC23COC(=O)C2=CC(CC3C1(C)CCC4=COC=C4)O,QXAYVHFIMKYRKA-UHFFFAOYSA-N,0390,142.296,261.738,5,0.45634183802122735,1,734.4586181640625,80.62572941744499,0.9999880790710449
"3-oxo-2,11-dioxatricyclo[5.4.0.04,8]undeca-5,9-diene-10-carboxamide",1.5288,C1=CC2C3C1C(OC(=C3)C(=O)N)OC2=O,NBVNAFAEYGKTPJ-UHFFFAOYSA-N,0390,91.728,58.344,3,0.5721925133689838,1,605.115478515625,84.84124051412256,0.9999591112136841
sodiumglycochinodeoxycholate,21.89,CC(CCC(=O)NCC(=O)O)C1CCC2C1(CCC3C2C(CC4C3(CCC(C4)O)C)O)C,GHCZAUBVMUEKKP-UHFFFAOYSA-N,0025,1313.4,965.4000000000001,2,0.3604723430702299,1,735.9453735351562,78.4643327114086,0.9999358654022217
MEGxp0_001616,6.7514,CC1CCC2(C(C1(C)CCC(C)CC(=O)O)CC(=O)C=C2C)C,RNWHJFUXZQBBLK-UHFFFAOYSA-N,0390,405.084,283.90200000000004,6,0.4268444745017645,1,953.4243774414062,57.51272889758947,0.999981164932251
CPI-455,4.6012,CC(C)C1=C(N=C2C(=CNN2C1=O)C#N)C3=CC=CC=C3,VGXRQCOVGLGFIM-UHFFFAOYSA-N,0391,276.072,201.06,4,0.37308266189197253,1,732.052001953125,62.28792500212607,0.9999797344207764
6-Dehydropetasol,1.9149,CC1C(CCC2=CC(=O)C(=CC12C)C(=C)C)O,MMDLQPKGJNEWIM-UHFFFAOYSA-N,0390,114.894,203.949,14,0.43665328096730066,1,701.8416137695312,83.62963982957434,0.9999734163284302
betamethasone,2.1261,CC1CC2C3CCC4=CC(=O)C=CC4(C3(C(CC2(C1(C(=O)CO)O)C)O)F)C,UREBDLICKHMUKA-UHFFFAOYSA-N,0391,127.566,181.93800000000002,3,0.298849058470468,1,754.970703125,83.10318539885394,0.9999759197235107
2-oxobutanoic acid,3.05899095,CCC(=O)C(=O)O,TYEYBOSBBBHJIV-UHFFFAOYSA-N,0015,183.539457,142.30416234,2,0.2897687178079769,1,635.8270874023438,71.13374679429812,0.999944806098938
"6,10a-dihydroxy-4-(hydroxymethyl)-4,7,11b-trimethyl-1,2,3,4a,5,6,6a,7,11,11a-decahydronaphtho[2,1-f][1]benzofuran-9-one",2.5838,CC1C2C(CC3C(CCCC3(C2CC4(C1=CC(=O)O4)O)C)(C)CO)O,LLKIVVHUJOPYIV-UHFFFAOYSA-N,0390,155.02800000000002,210.102,2,0.26212982265756624,1,676.5977783203125,77.08712547285262,0.9999868869781494
Dinactin,3.5382,CCC1CC2CCC(O2)C(C(=O)OC(CC3CCC(O3)C(C(=O)OC(CC4CCC(O4)C(C(=O)OC(CC5CCC(O5)C(C(=O)O1)C)C)C)CC)C)C)C,ZBDGIMZKOJALMU-UHFFFAOYSA-N,0390,212.29199999999997,322.344,2,0.34141165959347786,1,1154.428466796875,81.61064058052604,0.9999864101409912
Neochlorogenic acid,1.99,C1C(C(C(CC1(C(=O)O)O)OC(=O)C=CC2=CC(=C(C=C2)O)O)O)O,CWVRJTMFETXNAD-UHFFFAOYSA-N,0042,119.4,175.2,2,0.31849315068493145,1,643.591064453125,81.44784684022034,0.999980092048645
PLpro inhibitor,7.382,CC1=C(C=C(C=C1)NC(=O)C)C(=O)NC(C)C2=CC=CC3=CC=CC=C32,KGPYBLOBHQLIET-UHFFFAOYSA-N,0391,442.91999999999996,330.918,2,0.3384584700741572,1,911.569091796875,51.4112529718487,0.9999818801879883
Tepraloxydim Peak 2,9.73,CCC(=NOCC=CCl)C1=C(CC(CC1=O)C2CCOCC2)O,IOYNQIMAUDJVEI-UHFFFAOYSA-N,0383,583.8000000000001,412.8,4,0.41424418604651175,1,839.5230712890625,30.460517409772592,0.9998841285705566
URIDINE DIPHOSPHATE GLUCOSE,7.7,C1=CN(C(=O)NC1=O)C2C(C(C(O2)COP(=O)(O)OP(=O)(O)OC3C(C(C(C(O3)CO)O)O)O)O)O,HSCJRCZFDFQWRP-UHFFFAOYSA-N,0048,462.0,257.4,5,0.794871794871795,1,689.5814819335938,33.0028412734421,0.9999852180480957
CHEBI:182140,4.5877,CC(C)C1=CC2=CCC3C(C2CC1=O)(CCCC3(C)C(=O)O)C,MRGKHDWUXCFJLK-UHFFFAOYSA-N,0390,275.262,217.464,13,0.26578192252510763,1,909.3025512695312,69.72822746227972,0.9999871253967285
,5.2633,CC1C=CC=CC=C(C(=O)NC2=CC(=O)C3=C(C2=O)C=C(C(=C3C(=O)C(=CC(C(C(C=CC(CC=C(C(=O)CC1O)C)O)C)O)C)C)O)C)C,IFFKOSSIDVBUOW-UHFFFAOYSA-N,0390,315.798,252.486,19,0.25075449727905713,1,912.1484985351562,65.378663615941,0.9999723434448242
MEGxp0_001357,1.8697,COC1=CC(=O)OC1=C(C2C(O2)C3=CC=CC=C3)OC,RTNGMIUMJUOABT-UHFFFAOYSA-N,0390,112.18199999999999,173.67600000000002,9,0.3540731016375321,1,739.1982421875,84.82382754753026,0.9999617338180542
GNE-9605,2.1739,CNC1=NC(=NC=C1C(F)(F)F)NC2=C(N(N=C2)C3CCN(CC3F)C4COC4)Cl,PUXPEQJKNAWNQA-UHFFFAOYSA-N,0391,130.434,218.79,3,0.403839297956945,1,699.3134765625,81.34827879463258,0.9999855756759644
5192-62-1,4.0653,CC1=CC(=C(C(=O)O1)C)O,VVBIGJOVPZMWGU-UHFFFAOYSA-N,0390,243.91799999999998,105.58200000000001,3,1.310223333522759,1,675.91357421875,63.912841921849115,0.9999499320983887
Sulfanilamide,2.23,C1=CC(=CC=C1N)S(=O)(=O)N,FDDDEECHVMSUSB-UHFFFAOYSA-N,0382,133.8,211.2,2,0.36647727272727265,1,650.0593872070312,79.41726515559304,0.999954104423523
2.2.6.6-Tetramethyl-4-piperidone,12.9739385,CC1(CC(=O)CC(N1)(C)C)C,JWUXJYZVKZKLTJ-UHFFFAOYSA-N,0262,778.4363099999999,477.67074749999995,2,0.6296503691593549,1,642.7401123046875,21.112140832278783,0.9999254941940308
LJI308,1.2956,C1COCCN1C2=CC=C(C=C2)C3=C(C=NC=C3)C4=CC(=C(C(=C4)F)O)F,YUYJEQHNWKQNBT-UHFFFAOYSA-N,0391,77.736,144.34499999999997,4,0.46145692611451716,1,762.7369995117188,89.80828253385319,0.999985933303833
NCGC00381330-01,4.0371,CC1=CC(=CC(=C1C(=O)OC2C(OC(C2O)N3C=CC(=O)NC3=O)CO)OC)O,LOUBNBRAJPSMEC-UHFFFAOYSA-N,0390,242.22599999999997,174.795,2,0.38577190423067015,1,650.9795532226562,62.79053638461194,0.9999890327453613
32164-10-6,3.936,CC=C(C)C1=CC(=C(C2=C1OC3=C(C(=CC(=C3)O)C)C(=O)O2)C)O,ZPPIKBUIYSSQEH-UHFFFAOYSA-N,0390,236.16,178.032,3,0.32650310056619025,1,869.0008544921875,72.823962280451,0.9999809265136719
Citraconic acid,0.617,CC(=CC(=O)O)C(=O)O,HNEGQIOMVPPMNR-UHFFFAOYSA-N,0259,37.019999999999996,65.85,2,0.4378132118451025,1,640.1133422851562,94.2166492159277,0.9999479055404663
Germine,0.9271,CC1CCC2C(C3C(CN2C1)C4CC56C(C4(C(C3O)O)O)C(CC7C5(CCC(C7(O6)O)O)C)O)(C)O,RNPABQVCNAUEIY-UHFFFAOYSA-N,0390,55.626000000000005,75.53399999999999,3,0.263563428389864,1,757.5037841796875,92.65667034782695,0.9999814033508301
MEGxp0_001616,7.3074,CC1CCC2(C(C1(C)CCC(C)CC(=O)O)CC(=O)C=C2C)C,RNWHJFUXZQBBLK-UHFFFAOYSA-N,0390,438.444,283.90200000000004,6,0.5443498108502228,1,953.4243774414062,54.01376235243733,0.999981164932251
Altamisic acid,4.3218,CC1=C(C(C2C(CC1)C(=C)C(=O)O2)(C)O)CCC(=O)O,PPUVIGSDWLRHCY-UHFFFAOYSA-N,0390,259.308,155.286,7,0.6698736524863799,1,694.970947265625,62.68793666551793,0.9999735355377197
NCGC00385359-01,2.7645,CC1C(C(CC(O1)OC2CCC3(C(C2)CCC4C3CCC5(C4(CCC5C6=CC(=O)OC6)O)C)C)OC)O,YBZZSZQZDODUAA-UHFFFAOYSA-N,0390,165.87,222.396,3,0.254168240435979,1,862.0767211914062,80.75925310095782,0.999988317489624
phenylalanine,0.631966667,C1=CC=C(C=C1)CC(C(=O)O)N,COLNVLDHVKWLRT-UHFFFAOYSA-N,0054,37.91800002,61.04900001,2,0.3788923649234398,1,617.7815551757812,93.86223177070883,0.99994957447052
895158-95-9,1.9634,C1=CN2C3=C(C=C(C=C3)F)N=C(C2=C1)NNC(=O)C4=NC=CN=C4,UEADAWQSJOWXBK-UHFFFAOYSA-N,0391,117.804,200.25,3,0.41171535580524343,1,648.451171875,81.83301918333048,0.9999889135360718
MEGxm0_000194,4.174,CC1=C(C(=C(C(=C1Cl)OC)C(=O)C2=C(C=C(C=C2O)O)C(=O)OC)O)Cl,IPUONOHBPFSQMA-UHFFFAOYSA-N,0390,250.44000000000003,198.87600000000003,2,0.259277137512822,1,860.3617553710938,70.89131421328932,0.999980092048645
Murrangatin,4.0838,CC(=C)C(C(C1=C(C=CC2=C1OC(=O)C=C2)OC)O)O,DKEANOQWICTXTP-UHFFFAOYSA-N,0390,245.02800000000002,165.68399999999997,8,0.4788875208227715,1,668.0117797851562,63.31980851014257,0.9999767541885376
guanine,0.93,C1=NC2=C(N1)C(=O)NC(=N2)N,UYTPUPDQBNUYGX-UHFFFAOYSA-N,0025,55.800000000000004,136.5,2,0.5912087912087911,1,691.3158569335938,91.9284362653698,0.9999547004699707
NCGC00386063-01,5.0921,CC1CC(=O)C2=C(O1)OC3(CCC4C(C=CC(=O)C4(C3C2)C)(C)C)C,LDVSKUDVSXXLAQ-UHFFFAOYSA-N,0390,305.526,234.447,8,0.3031772639445163,1,953.1235961914062,67.9447659022551,0.9999765157699585
CHEBI:181989,5.7361,CC1C2C(NC(=O)C23C(C=C(CCC4C(CCC3=O)OC(O4)(C)C)C)C=C1C)CC(C)C,LSWAGZSQKSSVQE-UHFFFAOYSA-N,0390,344.16600000000005,262.428,2,0.3114682884448308,1,787.01171875,56.26926616205484,0.9999843835830688
4-Hydroxyvertixanthone,5.0442,CC1=CC(=C2C(=C1)OC3=CC(=CC(=C3C2=O)C(=O)OC)O)O,MJOGVUMPZLEYIH-UHFFFAOYSA-N,0390,302.652,230.916,15,0.3106584212440887,1,795.3359985351562,61.94664889337058,0.9999802112579346
,1.1,CC(=CC(=O)O)C(=O)O,HNEGQIOMVPPMNR-UHFFFAOYSA-N,0435,66.0,453.0,2,0.8543046357615894,1,640.1133422851562,89.68932599273982,0.9999479055404663
,0.74,C(C1C(C(C(C(O1)O)O)O)O)O,WQZGKKKJIJFFOK-UHFFFAOYSA-N,0401,44.4,257.4,7,0.8275058275058275,1,715.1072387695312,93.79114102153433,0.9999785423278809
"1,3,6,8-Tetrahydroxy-2-(1-hydroxyhexyl)anthraquinone",2.9079,CCCCCC(C1=C(C=C2C(=C1O)C(=O)C3=C(C2=O)C=C(C=C3O)O)O)O,WGPOPPKSQRZUTP-UHFFFAOYSA-N,0390,174.47400000000002,237.3,6,0.26475347661188364,1,748.1088256835938,76.67799202334335,0.9999778270721436
"6-hydroxy-5a-methyl-3,9-dimethylidenedecahydronaphtho[1,2-b]furan-2(3h)-one",4.1212,CC12CCC3C(C1C(=C)CCC2O)OC(=O)C3=C,FKBUODICGDOIGB-UHFFFAOYSA-N,0390,247.272,173.409,6,0.4259467501686764,1,687.8265991210938,64.05024168649996,0.9999713897705078
LDN-27219,5.2807,C1=CC=C(C=C1)C2=CSC3=C2C(=O)N(C(=N3)SCC(=O)NN)C4=CC=CC=C4,WLBUICQBNZXIDJ-UHFFFAOYSA-N,0391,316.84200000000004,206.73600000000002,3,0.5325922916182959,1,812.3626708984375,60.99746931384886,0.9999792575836182
DMAPT,1.8914,CC1=CCCC2(C(O2)C3C(CC1)C(C(=O)O3)CN(C)C)C,UJNSFDHVIBGEJZ-UHFFFAOYSA-N,0391,113.484,165.012,2,0.31226819867645994,1,698.1884765625,83.74593626083124,0.999981164932251
CYCLIC AMP,2.61,C1C2C(C(C(O2)N3C=NC4=C(N=CN=C43)N)O)OP(=O)(O1)O,IVOMOUWHDPKRLL-UHFFFAOYSA-N,0179,156.6,110.4,2,0.4184782608695651,1,586.8348999023438,73.31447055618878,0.9999833106994629
IMPERATORIN,3.069,CC(=CCOC1=C2C(=CC3=C1OC=C3)C=CC(=O)O2)C,OLOOJGVNMBJLLR-UHFFFAOYSA-N,0390,184.14,257.004,3,0.28351309707241923,1,974.8779296875,81.11148130525156,0.9999768733978271
MEGxp0_001357,3.8214,COC1=CC(=O)OC1=C(C2C(O2)C3=CC=CC=C3)OC,RTNGMIUMJUOABT-UHFFFAOYSA-N,0390,229.28400000000002,173.67600000000002,9,0.32018240862295305,1,739.1982421875,68.98206909671717,0.9999617338180542
BS-1460,2.2461,CC=C1CC2C(=O)NC3=CC(=C(C=C3C(=O)N2C1)OC)O,KXUMNEWSLYWWIA-UHFFFAOYSA-N,0390,134.76600000000002,107.65800000000002,2,0.2517973583012874,1,620.78076171875,78.29088652379068,0.9999847412109375
sulfadimethoxine,4.3164,COC1=NC(=NC(=C1)NS(=O)(=O)C2=CC=C(C=C2)N)OC,ZZORFUFYDOWNEF-UHFFFAOYSA-N,0391,258.984,149.97,3,0.7269053810762152,1,656.0460205078125,60.52350111055724,0.9999861717224121
2206736-04-9,2.0412,CC1=C2C(=CC=C1)C=CC=C2N3CCC4=C(C3)N=C(N=C4N5CCN(C(C5)CC#N)C(=O)C=C)OCC6CCCN6C,YRYQLVCTQFBRLD-UHFFFAOYSA-N,0391,122.472,166.479,2,0.26433964644189367,1,886.2862548828125,86.18143976336476,0.9999880790710449
Atomoxetine,5.1389,CC1=CC=CC=C1OC(CCNC)C2=CC=CC=C2,VHGCDTVCOLNTBX-UHFFFAOYSA-N,0391,308.33399999999995,242.88599999999997,2,0.2694597465477631,1,737.7388916015625,58.205538096190715,0.9999719858169556
302776-68-7,6.1191,CCCCCCOC(=O)C1=CC=CC=C1C(=O)C2=C(C=C(C=C2)N(CC)CC)O,FDATWRLUYRHCJE-UHFFFAOYSA-N,0391,367.146,191.04299999999998,4,0.9217977104630898,1,956.976806640625,61.634806878044344,0.9999773502349854
MEGxp0_000985,3.5515,CC(C)C1=CC2=C(C=C1)C3(CCCC(C3CC2O)(C)CO)C,PORHOKHIMOFMMH-UHFFFAOYSA-N,0390,213.09,284.523,4,0.2510623042776859,1,828.9717407226562,74.2946605376151,0.999980092048645
uric acid,1.4,C(=O)(N)N,XSQUKJJJFZCRTK-UHFFFAOYSA-N,0004,84.0,63.0,4,0.3333333333333333,1,624.9214477539062,86.55831060017016,0.9999539852142334
,1.3,CCCCCCCCC=CCCCCCCCC(=O)O,ZQPPMHVWECSIRJ-UHFFFAOYSA-N,0435,78.0,297.0,2,0.7373737373737373,1,1172.072265625,93.34512023809324,0.9999576807022095
3-HYDROXYBUTANOATE,4.95,CC(CC(=O)O)O,WHBMMWSBFZVSSR-UHFFFAOYSA-N,0048,297.0,187.8,2,0.5814696485623002,1,667.3060302734375,55.49268453661354,0.9999480247497559
,20.7,CC(CC(=O)O)O,WHBMMWSBFZVSSR-UHFFFAOYSA-N,0435,1242.0,663.0,2,0.8733031674208145,1,667.3060302734375,86.12150102870703,0.9998268485069275
LY3009120,4.5122,CC1=CC(=C(C=C1C2=C(N=C3C(=C2)C=NC(=N3)NC)C)NC(=O)NCCC(C)(C)C)F,HHCBMISMPSAZBF-UHFFFAOYSA-N,0391,270.73199999999997,195.09,3,0.38772874058127,1,872.9577026367188,68.98681354408473,0.9999886751174927
CHEBI:182598,1.3124,CC(C(CCCCC(=O)C(C)C(=O)N1CCC=C1)O)O,JOWVGZMGFFSVRV-UHFFFAOYSA-N,0390,78.744,111.939,8,0.29654543992710314,1,651.7659912109375,87.91836317606892,0.9999672174453735
D-tagatose,2.230870104,C(C(C(C(C(=O)CO)O)O)O)O,BJHIKXHVCXFQLS-UHFFFAOYSA-N,0015,133.85220624000002,100.14158052,3,0.3366296551837168,1,710.2021484375,81.15294264675413,0.9999651908874512
TRANS-ACONITATE,5.2,C(C(=CC(=O)O)C(=O)O)C(=O)O,GTZCVFVGUGFEME-UHFFFAOYSA-N,0048,312.0,211.2,5,0.47727272727272735,1,654.6279296875,52.33933875248196,0.9999619722366333
,0.7,C(C(C(C(CO)O)O)O)O,HEBKCHPVOIAQTA-UHFFFAOYSA-N,0432,42.0,72.0,3,0.4166666666666667,1,690.1847534179688,93.91467287679053,0.9999724626541138
TETRABENAZINE,1.6014,CC(C)CC1CN2CCC3=CC(=C(C=C3C2CC1=O)OC)OC,MKJIEFSOBYUXJB-UHFFFAOYSA-N,0391,96.084,132.65699999999998,12,0.2756959677966484,1,735.6748657226562,86.9393390372775,0.9999818801879883
alanine*,1.3,CC(C(=O)O)N,QNAYBMKLOCPYGJ-UHFFFAOYSA-N,0002,78.0,59.7,2,0.30653266331658285,1,630.0814819335938,87.62064871980785,0.9999562501907349
Anamorelin,1.968,CC(C)(C(=O)NC(CC1=CNC2=CC=CC=C21)C(=O)N3CCCC(C3)(CC4=CC=CC=C4)C(=O)N(C)N(C)C)N,VQPFSIRUEPQQPP-UHFFFAOYSA-N,0391,118.08,201.06,3,0.41271262309758283,1,659.2811279296875,82.08958288085665,0.9999791383743286
MEGxp0_001093,0.9415,CC(=CCCC(C)(C=C)O)C(=O)OC1C2C(O2)(C3C1(C=COC3OC4C(C(C(C(O4)CO)O)O)O)O)C,PRWWZXHOHQRKDQ-UHFFFAOYSA-N,0390,56.49,105.59100000000001,4,0.4650112225473762,1,749.7409057617188,92.4653971037358,0.9999823570251465
6-Dehydropetasol,5.0366,CC1C(CCC2=CC(=O)C(=CC12C)C(=C)C)O,MMDLQPKGJNEWIM-UHFFFAOYSA-N,0390,302.196,203.949,14,0.4817233720194755,1,701.8416137695312,56.942422040646576,0.9999734163284302
2-Acetylphenothiazine,4.3032,CC(=O)C1=CC2=C(C=C1)SC3=CC=CC=C3N2,JWGBOHJGWOPYCL-UHFFFAOYSA-N,0391,258.192,202.68,2,0.2738898756660746,1,970.203125,73.38784081941604,0.9999618530273438
CHEBI:182205,2.2305,CC1C(=O)N2C(N1)C3(CC4C(=O)N(C(O3)C5=NC6=CC=CC=C6C(=O)N45)C)C7=CC=CC=C72,BOZGEGDMHAOPIQ-UHFFFAOYSA-N,0390,133.83,179.862,5,0.25592954598525525,1,697.3578491210938,80.80899208796876,0.9999816417694092
CYCLIC AMP,2.57,C1C2C(C(C(O2)N3C=NC4=C(N=CN=C43)N)O)OP(=O)(O1)O,IVOMOUWHDPKRLL-UHFFFAOYSA-N,0180,154.2,109.5,4,0.40821917808219166,1,586.8348999023438,73.72344418751156,0.9999833106994629
Erysubin F,2.9064,CC(=CCC1=C(C=CC(=C1)C2=COC3=C(C2=O)C=CC(=C3CC=C(C)C)O)O)C,YBJJPNXZVZRDIU-UHFFFAOYSA-N,0390,174.38400000000001,304.002,3,0.42637219491977024,1,951.6610717773438,81.6758292241253,0.999987006187439
MEGxp0_001093,2.4036,CC(=CCCC(C)(C=C)O)C(=O)OC1C2C(O2)(C3C1(C=COC3OC4C(C(C(C(O4)CO)O)O)O)O)C,PRWWZXHOHQRKDQ-UHFFFAOYSA-N,0390,144.216,105.59100000000001,4,0.36579822143932716,1,749.7409057617188,80.7645549426865,0.9999823570251465
,3.7053,CC12CCCC(O1)C3=C(O2)C(=C4C(=C3O)C(=O)C5=C(O4)C=CC(=C5OC)OS(=O)(=O)O)OC,WJJZONGQYQZLAI-UHFFFAOYSA-N,0390,222.31799999999998,177.744,3,0.2507763975155279,1,789.1055297851562,71.82658191984426,0.9999819993972778
Chlorogenic acid,3.85,C1C(C(C(CC1(C(=O)O)O)OC(=O)C=CC2=CC(=C(C=C2)O)O)O)O,CWVRJTMFETXNAD-UHFFFAOYSA-N,0042,231.0,175.2,2,0.3184931506849316,1,643.591064453125,64.10764338434588,0.999980092048645
ChX710,1.3129,CC(CN(C)C)NC(=O)C1=C2C(=CC=C1)NC(=N2)C3=CC=NC=C3,HCAALGAOSBFHFP-UHFFFAOYSA-N,0391,78.774,160.578,3,0.5094346672645069,1,695.6328125,88.67592232791635,0.9999821186065674
Violanthin,2.252,CC1C(C(C(C(O1)C2=C3C(=C(C(=C2O)C4C(C(C(C(O4)CO)O)O)O)O)C(=O)C=C(O3)C5=CC=C(C=C5)O)O)O)O,MVOUGOXRXQDXDC-UHFFFAOYSA-N,0390,135.11999999999998,107.289,4,0.25940217543270955,1,650.9066772460938,79.24126380579223,0.9999865293502808
Palmitic acid,0.69,CCCCCCCCCCCCCCCC(=O)O,IPCSVZSSVZVIGE-UHFFFAOYSA-N,0048,41.4,390.3,2,0.8939277478862414,1,1057.584228515625,96.08541817438909,0.9999649524688721
MEGxp0_000336,1.2325,CC=C1CN2CCC34C5=C(C=CC(=C5)OC)N=C3C2CC1C4(CO)C(=O)OC,JBFBTBFJYNNYPW-UHFFFAOYSA-N,0390,73.94999999999999,129.084,5,0.42711722599237717,1,606.1018676757812,87.79908065890373,0.9999884366989136
"NCGC00380956-01!(E)-9-hydroxy-6-[3,4,5-trihydroxy-6-(hydroxymethyl)oxan-2-yl]oxydec-4-enoic acid",1.2337,CC(CCC(C=CCCC(=O)O)OC1C(C(C(C(O1)CO)O)O)O)O,LOXLRESYSNWIMK-UHFFFAOYSA-N,0390,74.022,113.19300000000001,2,0.34605496806339614,1,818.9224853515625,90.96104926607033,0.9999810457229614
Pirimicarb,5.65,CC1=C(N=C(N=C1OC(=O)N(C)C)N(C)C)C,YFGYUFNIOHWBOB-UHFFFAOYSA-N,0047,339.0,499.5,2,0.3213213213213213,1,719.8563842773438,52.907273255578815,0.9999737739562988
Methacrifos,5.12,CC(=COP(=S)(OC)OC)C(=O)OC,NTAHCMPOMKHKEU-UHFFFAOYSA-N,0383,307.2,489.6,3,0.3725490196078432,1,763.6204223632812,59.77058876329344,0.9999587535858154
Chaetoxanthone B,5.1815,CC12CCCC(O1)C3=C(O2)C=C4C(=C3O)C(=O)C5=C(O4)C=CC=C5OC,ZUEKQPJBVORAFH-UHFFFAOYSA-N,0390,310.89,247.37399999999997,3,0.2567610177302385,1,871.2008666992188,64.31477379288071,0.9999803304672241
,0.74,C(C1C(C(C(C(O1)O)O)O)O)O,WQZGKKKJIJFFOK-UHFFFAOYSA-N,0401,44.4,257.4,7,0.8275058275058275,1,715.1072387695312,93.79114102153433,0.9999785423278809
CHEBI:141379,4.7606,CC1CC(C(OC(=O)C(=CC(CC(C(OC(=O)C(=C1)C)CC2=CN=CO2)C)C)C)CC3=CN=CO3)C,LAJRJVDLKYGLOO-UHFFFAOYSA-N,0390,285.636,207.15,3,0.37888486603910215,1,920.3817138671875,68.96548511379729,0.9999873638153076
physostigmine,3.9538,CC12CCN(C1N(C3=C2C=C(C=C3)OC(=O)NC)C)C,PIJVFDBKTWXHHD-UHFFFAOYSA-N,0390,237.228,161.649,2,0.4675500621717425,1,612.4984130859375,61.268797611282075,0.9999794960021973
CHEBI:182811,1.4361,CC(C)C(CCC(=O)O)C=CC(=C)CCC(=O)C,BPCRVQOBIAIVSF-UHFFFAOYSA-N,0390,86.166,236.244,4,0.6352669274140296,1,818.2888793945312,89.46997788070199,0.9999610185623169
Nomegestrol acetate,4.3457,CC1=CC2C(CCC3(C2CCC3(C(=O)C)OC(=O)C)C)C4C1=CC(=O)CC4,IIVBFTNIGYRNQY-UHFFFAOYSA-N,0391,260.742,201.039,2,0.296972229268948,1,1043.212646484375,75.00586281438399,0.9999749660491943
Acyclovir,14.7808865,C1=NC2=C(N1COCCO)N=C(NC2=O)N,MKUXAQIIEYXACX-UHFFFAOYSA-N,0262,886.8531899999999,535.923783,2,0.6548121545111574,1,591.0824584960938,50.038827451662705,0.9998156428337097
troxipide,3.6456,COC1=CC(=CC(=C1OC)OC)C(=O)NC2CCCNC2,YSIITVVESCNIPR-UHFFFAOYSA-N,0391,218.736,154.76999999999998,2,0.41329715061058353,1,654.156982421875,66.56215466963646,0.9999823570251465
"NCGC00380474-01!5-hydroxy-2-(4-hydroxyphenyl)-7-[[(2R,3S)-3,5,8-trihydroxy-2-(4-hydroxyphenyl)-3,4-dihydro-2H-chromen-7-yl]oxy]chromen-4-one",4.4634,C1C(C(OC2=C1C(=CC(=C2O)OC3=CC(=C4C(=C3)OC(=CC4=O)C5=CC=C(C=C5)O)O)O)C6=CC=C(C=C6)O)O,JDRLMOFOBWKOPI-UHFFFAOYSA-N,0390,267.804,209.781,4,0.27658844223261386,1,861.6388549804688,68.91922892612932,0.999985933303833
,3.2,CC1=C(C(CCC1)(C)C)C=CC(=CC=CC(=CC(=O)O)C)C,SHGAZHPCJJPHSC-UHFFFAOYSA-N,0435,192.0,597.0,2,0.678391959798995,1,1108.3214111328125,82.67650538269785,0.9999836683273315
PFK-015,1.4713,C1=CC=C2C(=C1)C=CC(=N2)C=CC(=O)C3=CC=NC=C3,UJJUKZPBUMCSJZ-UHFFFAOYSA-N,0391,88.278,150.252,3,0.412467055347017,1,852.26318359375,89.64193201121783,0.9999663829803467
Palosuran,1.5071,CC1=NC2=CC=CC=C2C(=C1)NC(=O)NCCN3CCC(CC3)(CC4=CC=CC=C4)O,WYJCYXOCHXWTHG-UHFFFAOYSA-N,0391,90.426,148.20000000000002,3,0.389838056680162,1,673.2636108398438,86.56900528350245,0.9999856948852539
DIMINAZENE,4.3196,C1=CC(=CC=C1C(=N)N)NN=NC2=CC=C(C=C2)C(=N)N,XNYZHCFCZNMTFY-UHFFFAOYSA-N,0391,259.17600000000004,148.42800000000003,2,0.7461395424043981,1,673.3582153320312,61.50993719261285,0.9999680519104004
Atomoxetine,2.9573,CC1=CC=CC=C1OC(CCNC)C2=CC=CC=C2,VHGCDTVCOLNTBX-UHFFFAOYSA-N,0391,177.438,242.88599999999997,2,0.2694597465477631,1,737.7388916015625,75.94840098306346,0.9999719858169556
,3,C1=C(NC=N1)C=CC(=O)O,LOIYMIARKYCTBW-UHFFFAOYSA-N,0431,180.0,135.0,2,0.3333333333333333,1,567.078125,68.25834182900283,0.9999469518661499
SCH772984,1.8399,C1CN(CC1C(=O)NC2=CC3=C(C=C2)NN=C3C4=CC=NC=C4)CC(=O)N5CCN(CC5)C6=CC=C(C=C6)C7=NC=CC=N7,HDAJDNHIBCDLQF-UHFFFAOYSA-N,0391,110.394,168.46800000000002,2,0.3447182847781181,1,686.4968872070312,83.91922788621359,0.9999904632568359
Atractylenolide III,4.0007,CC1=C2CC3C(=C)CCCC3(CC2(OC1=O)O)C,FBMORZZOJSDNRQ-UHFFFAOYSA-N,0391,240.042,417.462,3,0.42499676617272947,1,737.2330932617188,67.44014855084852,0.9999704360961914
"1,4-Diaminobutane",0.14,C(CCN)CN,KIDHWZJUCRJVML-UHFFFAOYSA-N,0062,8.4,17.46,2,0.5189003436426117,1,602.6671752929688,98.60619586657982,0.9999512434005737
CAL-130,2.691,CC1=C2C(=CC=C1)N=C(N(C2=O)C3=CC=CC=C3C)C(C)NC4=NC(=NC5=C4NC=N5)N,PUYVJBBSBPUKBT-UHFFFAOYSA-N,0391,161.45999999999998,220.782,5,0.268690382368128,1,788.9131469726562,79.53386876368074,0.9999833106994629
Sulfanilamide,2.23,C1=CC(=CC=C1N)S(=O)(=O)N,FDDDEECHVMSUSB-UHFFFAOYSA-N,0383,133.8,211.2,2,0.36647727272727265,1,650.0593872070312,79.41726515559304,0.999954104423523
CHEBI:182140,6.0166,CC(C)C1=CC2=CCC3C(C2CC1=O)(CCCC3(C)C(=O)O)C,MRGKHDWUXCFJLK-UHFFFAOYSA-N,0390,360.99600000000004,217.464,13,0.6600264871426996,1,909.3025512695312,60.29968248785927,0.9999871253967285
SN 2,2.9573,CC1=CC(=C(C(=C1)C)C2=NOC3C2C4CCC3C4)C,WKLZNTYMDOPBSE-UHFFFAOYSA-N,0391,177.438,242.88599999999997,2,0.2694597465477631,1,859.75048828125,79.36168662669549,0.9999504089355469
Metformin,1.39,CN(C)C(=N)N=C(N)N,XZWYZXLIPXDOLR-UHFFFAOYSA-N,0383,83.39999999999999,119.39999999999998,2,0.30150753768844213,1,609.89794921875,86.32558117192698,0.9999539852142334
pentalenolactone D,3.3112,CC1C(=O)OCC2C13CC(CC3C=C2C(=O)O)(C)C,MRLXXQBBRNRWDA-UHFFFAOYSA-N,0390,198.672,110.51400000000001,5,0.7977088875617567,1,681.7552490234375,70.85875022090661,0.9999704360961914
"NCGC00380474-01!5-hydroxy-2-(4-hydroxyphenyl)-7-[[(2R,3S)-3,5,8-trihydroxy-2-(4-hydroxyphenyl)-3,4-dihydro-2H-chromen-7-yl]oxy]chromen-4-one",2.5293,C1C(C(OC2=C1C(=CC(=C2O)OC3=CC(=C4C(=C3)OC(=CC4=O)C5=CC=C(C=C5)O)O)O)C6=CC=C(C=C6)O)O,JDRLMOFOBWKOPI-UHFFFAOYSA-N,0390,151.758,209.781,4,0.276588442232614,1,861.6388549804688,82.38728451916899,0.999985933303833
GNE-9605,4.6643,CNC1=NC(=NC=C1C(F)(F)F)NC2=C(N(N=C2)C3CCN(CC3F)C4COC4)Cl,PUXPEQJKNAWNQA-UHFFFAOYSA-N,0391,279.858,218.79,3,0.2791169614699027,1,699.3134765625,59.9810372058534,0.9999855756759644
MEGxp0_000336,2.7578,CC=C1CN2CCC34C5=C(C=CC(=C5)OC)N=C3C2CC1C4(CO)C(=O)OC,JBFBTBFJYNNYPW-UHFFFAOYSA-N,0390,165.468,129.084,5,0.2818629729478478,1,606.1018676757812,72.69963865405661,0.9999884366989136
NCGC00347491-02,1.2488,CC1=CC(=O)C(C2(C1CC3C45C2C(C(C(=C)C4(C(C(=O)O3)O)O)O)(OC5)O)C)O,UCUWZJWAQQRCOR-UHFFFAOYSA-N,0390,74.928,115.887,4,0.3534391260451992,1,698.1669311523438,89.26789616398341,0.9999865293502808
DL-Tryptophan,1.9699,C1=CC=C2C(=C1)C(=CN2)CC(C(=O)O)N,QIVBCDIJIAJPQS-UHFFFAOYSA-N,0391,118.194,58.620000000000005,4,1.0162743091095188,1,650.3521728515625,81.82615436160359,0.9999544620513916
dapi,2.4556,C1=CC(=CC=C1C2=CC3=C(N2)C=C(C=C3)C(=N)N)C(=N)N,FWBHETKCLVMNFS-UHFFFAOYSA-N,0391,147.336,82.81200000000001,3,0.7791624402260541,1,679.9420776367188,78.33109542034857,0.9999740123748779
Citraconic acid,0.56,CC(=CC(=O)O)C(=O)O,HNEGQIOMVPPMNR-UHFFFAOYSA-N,0347,33.6,63.540000000000006,2,0.4711992445703494,1,640.1133422851562,94.7509295963039,0.9999479055404663
Milciclib,4.3162,CC1(CC2=CN=C(N=C2C3=C1C(=NN3C)C(=O)NC)NC4=CC=C(C=C4)N5CCN(CC5)C)C,RXZMYLDMFYNEIM-UHFFFAOYSA-N,0391,258.97200000000004,139.74,5,0.8532417346500646,1,703.9140625,63.20971354368985,0.9999915361404419
CHEMBL2030550,1.454,CN1CCN(CC1)C2=CC=C(C=C2)C=C(C#N)C3=CC=CC=C3Br,ZJMDTBBCNMGFMS-UHFFFAOYSA-N,0391,87.24,187.065,4,0.5336380402533879,1,999.4869384765625,91.27152175365364,0.9999856948852539
Roquefortine C,2.2703,CC(C)(C=C)C12CC3C(=O)NC(=CC4=CN=CN4)C(=O)N3C1NC5=CC=CC=C25,SPWSUFUPTSJWNG-UHFFFAOYSA-N,0390,136.21800000000002,185.178,9,0.2643942584972296,1,681.8173217773438,80.02133479904697,0.9999853372573853
Erismodegib,1.9411,CC1CN(CC(O1)C)C2=NC=C(C=C2)NC(=O)C3=CC=CC(=C3C)C4=CC=C(C=C4)OC(F)(F)F,VZZJRYRQSPEMTK-UHFFFAOYSA-N,0391,116.46600000000001,256.563,6,0.5460530162182388,1,1163.082275390625,89.9864349698834,0.9999876022338867
PROTAC ERRalpha ligand 2,2.0978,COC1=C(C=CC(=C1)C=C(C#N)C(=O)O)OCC2=C(C=C(C=C2)C(F)(F)F)C(F)(F)F,JRWKJGIKIBTXMV-UHFFFAOYSA-N,0391,125.868,213.252,2,0.4097687243261494,1,1039.0052490234375,87.88572048906362,0.9999669790267944
CYTIDINE MONOPHOSPHATE,1.13,C1C2C(C(C(O2)N3C=NC4=C(N=CN=C43)N)O)OP(=O)(O1)O,IVOMOUWHDPKRLL-UHFFFAOYSA-N,0182,67.8,117.0,2,0.4205128205128205,1,586.8348999023438,88.44649491513155,0.9999833106994629
NCGC00385474-01,1.5685,CC=C1C[N+](C2CC3=C(C(=O)CC1C2C(=O)OC)NC4=CC=CC=C34)(C)[O-],SCBWVOFEDKLZRF-UHFFFAOYSA-N,0390,94.11,154.845,10,0.39223094061803737,1,747.407958984375,87.40848302874878,0.9999727010726929
roquefortine D,2.3756,CC(C)(C=C)C12CC3C(=O)NC(C(=O)N3C1NC4=CC=CC=C24)CC5=CN=CN5,IQVNREJWRXOHEO-UHFFFAOYSA-N,0390,142.536,191.247,4,0.25470203454171836,1,637.7028198242188,77.64852285908196,0.9999889135360718
iproniazid,3.8384,CC(C)NNC(=O)C1=CC=NC=C1,NYMGNSNKLVNMIA-UHFFFAOYSA-N,0391,230.304,40.86,3,4.636417033773863,1,621.060302734375,62.91761057887159,0.9999688863754272
amoxapine,2.7807,C1CN(CCN1)C2=NC3=CC=CC=C3OC4=C2C=C(C=C4)Cl,QWGDMFLQWFTERH-UHFFFAOYSA-N,0391,166.84199999999998,259.365,2,0.3567289341275809,1,715.3689575195312,76.67748953232363,0.9999749660491943
Guanine,0.32,C1=NC2=C(N1)C(=O)NC(=N2)N,UYTPUPDQBNUYGX-UHFFFAOYSA-N,0062,19.2,43.98,3,0.5634379263301501,1,691.3158569335938,97.22268774722401,0.9999547004699707
Adenosine,8.0447863,C1=NC(=C2C(=N1)N(C=N2)C3C(C(C(O3)CO)O)O)N,OIRDTQYFTABQOQ-UHFFFAOYSA-N,0262,482.687178,355.343589,2,0.35836748696766274,1,595.9501953125,19.005450153952538,0.9612680077552795
NCGC00347571-02,3.2492,CC1CCC2(C(C3C(O2)CC4C3(C(=O)C=C5C4CCC6C5(CCC(C6)O)C)C)C)OC1,YLZUMNXGXFXZNQ-UHFFFAOYSA-N,0390,194.952,301.044,6,0.35241360066966954,1,866.95263671875,77.51295840821754,0.9999802112579346
,1.5,C1=C(NC=N1)C=CC(=O)O,LOIYMIARKYCTBW-UHFFFAOYSA-N,0431,90.0,135.0,2,0.3333333333333333,1,567.078125,84.12917091450142,0.9999469518661499
Carbendazim,11.521493,COC(=O)NC1=NC2=CC=CC=C2N1,TWFZGCMQGLPBSX-UHFFFAOYSA-N,0262,691.28958,448.7431425,4,0.5405017136278579,1,676.5502319335938,2.178603652870077,0.0259278304874897
DEOXYGUANOSINE-MONOPHOSPHATE,0.83,C1C(C(OC1N2C=NC3=C2N=C(NC3=O)N)COP(=O)(O)O)O,LTFMZDNNPPEQNG-UHFFFAOYSA-N,0048,49.8,83.39999999999999,3,0.4028776978417266,1,612.1417236328125,91.86462904301685,0.9999858140945435
2-METHYLMALEATE,1.558,CC(=CC(=O)O)C(=O)O,HNEGQIOMVPPMNR-UHFFFAOYSA-N,0347,93.48,63.540000000000006,2,0.4711992445703493,1,640.1133422851562,85.39633626971694,0.9999479055404663
NCGC00381220-02,1.8575,CCC(C)C1C(=O)N(C(C(=O)N(C(C(=O)NCCC(=O)OC(C(=O)N2CCCC2C(=O)N1)CC(CO)O)C)C)C(C)C)C,DJYDCIUMNXZSBH-UHFFFAOYSA-N,0390,111.44999999999999,158.67,7,0.2975987899413878,1,726.9979858398438,84.66983373121033,0.999983549118042
NSC 601980,2.6017,CC1=NC2=CC=CC=C2N=C1N=NC3=CC=CC=C3,HUXPPDSCOMVLMY-UHFFFAOYSA-N,0391,156.102,246.288,3,0.36618105632430326,1,985.685302734375,84.16309956464201,0.9999659061431885
Dehydrovariabilin,3.2007,COC1=CC2=C(C=C1)C3=C(O2)C4=C(C=C(C=C4)OC)OC3,FLEXCYTURSFUNC-UHFFFAOYSA-N,0390,192.042,258.723,4,0.25773124152085436,1,998.5784912109375,80.7684621999901,0.9999699592590332
ADL5859,2.4009,CCN(CC)C(=O)C1=CC=C(C=C1)C2=CC3(CCNCC3)OC4=CC=CC(=C42)O,OPIKUXLJQFYMSC-UHFFFAOYSA-N,0391,144.054,221.15699999999998,2,0.3486346803402107,1,834.335693359375,82.73428775173456,0.9999804496765137
1-Methyl-2-[(E)-4-(dimethylamino)styryl]pyridinium,3.7668,C[N+]1=CC=CC=C1C=CC2=CC=C(C=C2)N(C)C,HJWUQHBYOGZTTM-UHFFFAOYSA-N,0391,226.00799999999998,164.772,6,0.3716408127594494,1,874.4244384765625,74.15351286455865,0.9999648332595825
,5.1,CCCCCCCCC=CCCCCCCCC(=O)O,ZQPPMHVWECSIRJ-UHFFFAOYSA-N,0432,306.0,174.0,2,0.7586206896551724,1,1172.072265625,73.892394780212,0.9999576807022095
flecainide,5.5107,C1CCNC(C1)CNC(=O)C2=C(C=CC(=C2)OCC(F)(F)F)OCC(F)(F)F,DJBNUMBKLMJRSA-UHFFFAOYSA-N,0391,330.642,168.204,3,0.9657201969037597,1,744.4209594726562,55.58400179459952,0.9999843835830688
epicatechin,12.70926189,C1C(C(OC2=CC(=CC(=C21)O)O)C3=CC(=C(C=C3)O)O)O,PFTAWBLQPZVEMU-UHFFFAOYSA-N,0006,762.5557134000001,569.42723436,2,0.33916270137143,1,647.0958251953125,17.842780575788506,0.9112717509269714
TC-S 7005,2.4292,CC(C1=CC=CC=C1)NC2=NC=C3C(=C2)C(=NO3)C4=CC5=C(C=C4)OCO5,DAAGOCSHXCDWDY-UHFFFAOYSA-N,0391,145.75199999999998,272.616,5,0.4653578660093318,1,924.6214599609375,84.2365761220643,0.9999902248382568
Acetamiprid,10.2,CC(=NC#N)N(C)CC1=CN=C(C=C1)Cl,WCXDHFDTOYPNIE-UHFFFAOYSA-N,0047,612.0,885.0,2,0.30847457627118646,1,728.2180786132812,15.959241060671145,0.5231729745864868
NCGC00347653-02,4.3615,CC(=C)C1CC2=C(O1)C=CC3=C2OCC(C3)C4=C(C=C(C=C4)O)O,LBZMXGLPRHGPRE-UHFFFAOYSA-N,0390,261.69,193.356,2,0.35341028982808914,1,746.6851196289062,64.95309828458122,0.999984860420227
Acyclovir,15.067274,C1=NC2=C(N1COCCO)N=C(NC2=O)N,MKUXAQIIEYXACX-UHFFFAOYSA-N,0263,904.03644,545.9679075,2,0.6558417217957082,1,591.0824584960938,52.94590915456416,0.9998177886009216
4-Hydroxyvertixanthone,4.9517,CC1=CC(=C2C(=C1)OC3=CC(=CC(=C3C2=O)C(=O)OC)O)O,MJOGVUMPZLEYIH-UHFFFAOYSA-N,0390,297.102,230.916,15,0.28662370732214304,1,795.3359985351562,62.644467175231576,0.9999802112579346
NCGC00380702-01,1.1859,CC=C(C)C(=O)OC1C(C2C(C3C(=CC(=O)C3=C1C)C)OC(=O)C2=C)O,PHMGTWLYHMQYHV-UHFFFAOYSA-N,0390,71.154,176.529,6,0.5969274170249648,1,744.5149536132812,90.44290518885144,0.9999867677688599
451492-95-8,3.5761,CC(C)(C#CC1=CC2=C(C=C1NC(=O)C=C)C(=NC=N2)NC3=CC(=C(C=C3)F)Cl)N4CCN(CC4)C,ZAJXXUDARPGGOC-UHFFFAOYSA-N,0391,214.566,160.374,7,0.33791013505929895,1,862.81494140625,75.13186319533457,0.9999837875366211
(E)-LHF-535,2.248,CC(C)OC1=CC=C(C=C1)N2C=NC3=C2C=CC(=C3)C=CC4=CC=C(C=C4)C(C)(C)O,DBNZTRPIBJSUIX-UHFFFAOYSA-N,0391,134.88000000000002,260.02200000000005,5,0.48127466137480673,1,767.478759765625,82.42557226714781,0.9999876022338867
